# This file uses meters as units for non-parametric coordinates.

mtllib Bonfire.mtl
g default
v -0.083625 30.352585 12.455026
v -12.345245 30.611279 3.015750
v -2.023060 39.384598 2.534776
v 22.653252 1.939798 -17.858864
v 10.391632 2.198488 -27.298140
v 20.713820 10.971808 -27.779114
v -1.829116 38.481396 3.526800
v 20.907761 10.068607 -26.787090
v 11.617795 2.172620 -26.354212
v -11.119084 30.585407 3.959677
v -7.048313 34.825531 3.038745
v -7.758366 35.290066 2.070769
v 14.978512 6.877275 -28.243122
v 15.688564 6.412741 -27.275145
v -9.120620 32.761234 3.419252
v -10.088728 33.006435 2.463301
v 12.648150 4.593645 -27.850590
v 13.616257 4.348443 -26.894638
v 18.261242 8.296436 -27.111074
v 17.809244 8.980306 -28.091076
v -5.177819 37.483395 1.950526
v -4.725821 36.799526 2.930527
v 11.859360 1.525185 -26.519131
v -11.463117 30.669758 4.575505
v -12.492307 30.661083 3.811694
v 10.830170 1.516510 -27.282940
v -1.745430 39.613461 3.481432
v -1.612881 38.875217 4.272799
v 21.709595 9.730642 -26.821840
v 21.577049 10.468889 -27.613207
v -9.462612 33.159309 3.742559
v -10.332332 33.340141 2.920735
v 12.990142 4.195568 -28.173901
v 13.859863 4.014734 -27.352076
v -5.421424 37.817104 2.407961
v -5.067814 37.197605 3.253834
v 18.504850 7.962728 -27.568514
v 18.151236 8.582229 -28.414389
v -7.390306 35.223606 3.362054
v -8.001970 35.623772 2.528205
v 15.320507 6.479198 -28.566429
v 15.932169 6.079031 -27.732582
v 46.124733 0.147039 -14.986835
v 39.236046 0.147039 -28.506653
v 28.506653 0.147039 -39.236042
v 14.986833 0.147039 -46.124729
v 0.000000 0.147039 -48.498405
v -14.986833 0.147039 -46.124729
v -28.506647 0.147039 -39.236034
v -39.236031 0.147039 -28.506643
v -46.124718 0.147039 -14.986829
v -48.498394 0.147039 0.000000
v -46.124718 0.147039 14.986829
v -39.236027 0.147039 28.506641
v -28.506641 0.147039 39.236023
v -14.986829 0.147039 46.124714
v -0.000001 0.147039 48.498394
v 14.986824 0.147039 46.124710
v 28.506636 0.147039 39.236019
v 39.236019 0.147039 28.506638
v 46.124706 0.147039 14.986826
v 48.498386 0.147039 0.000000
v 46.124733 3.305162 -14.986835
v 39.236046 3.305162 -28.506653
v 28.506653 3.305162 -39.236042
v 14.986833 3.305162 -46.124729
v 0.000000 3.305162 -48.498405
v -14.986833 3.305162 -46.124729
v -28.506647 3.305162 -39.236034
v -39.236031 3.305162 -28.506643
v -46.124718 3.305162 -14.986829
v -48.498394 3.305162 0.000000
v -46.124718 3.305162 14.986829
v -39.236027 3.305162 28.506641
v -28.506641 3.305162 39.236023
v -14.986829 3.305162 46.124714
v -0.000001 3.305162 48.498394
v 14.986824 3.305162 46.124710
v 28.506636 3.305162 39.236019
v 39.236019 3.305162 28.506638
v 46.124706 3.305162 14.986826
v 48.498386 3.305162 0.000000
v 23.062366 4.727741 -7.493417
v 19.618023 4.727741 -14.253326
v 14.253326 4.727741 -19.618021
v 7.493416 4.727741 -23.062365
v 0.000000 4.727741 -24.249203
v -7.493416 4.727741 -23.062365
v -14.253324 4.727741 -19.618017
v -19.618015 4.727741 -14.253322
v -23.062359 4.727741 -7.493414
v -24.249197 4.727741 0.000000
v -23.062359 4.727741 7.493414
v -19.618013 4.727741 14.253321
v -14.253321 4.727741 19.618011
v -7.493414 4.727741 23.062357
v -0.000001 4.727741 24.249197
v 7.493412 4.727741 23.062355
v 14.253318 4.727741 19.618010
v 19.618010 4.727741 14.253319
v 23.062353 4.727741 7.493413
v 24.249193 4.727741 0.000000
v 0.000000 5.686479 0.000000
v -16.430143 0.320009 -48.922344
v -15.757549 0.320009 -52.738129
v -18.972095 0.320009 -54.901287
v -24.190748 0.320009 -54.144676
v -28.356489 0.320009 -50.911503
v -29.029083 0.320009 -47.095718
v -25.814537 0.320009 -44.932560
v -20.595884 0.320009 -45.689171
v -11.374810 0.630262 -48.079174
v -10.132016 0.630262 -55.129822
v -16.071726 0.630262 -59.126823
v -25.714537 0.630262 -57.728790
v -33.411823 0.630262 -51.754673
v -34.654617 0.630262 -44.704025
v -28.714907 0.630262 -40.707024
v -19.072096 0.630262 -42.105053
v -7.996944 1.094591 -47.515793
v -6.373158 1.094591 -56.727905
v -14.133761 1.094591 -61.950241
v -26.732702 1.094591 -60.123619
v -36.789692 1.094591 -52.318054
v -38.413475 1.094591 -43.105942
v -30.299740 1.094591 -39.692413
v -17.700800 1.094591 -41.519032
v -8.224128 2.241057 -46.635906
v -6.986525 2.241057 -57.545132
v -13.505385 1.642300 -63.294907
v -27.110065 1.642300 -60.560364
v -37.975838 1.642300 -52.515888
v -43.455360 1.642300 -39.662167
v -34.182236 1.642300 -34.880249
v -16.823296 1.642300 -39.739971
v -9.410275 8.025423 -46.833740
v -8.306461 8.025423 -56.983963
v -15.553047 8.483124 -61.573914
v -25.385077 8.483124 -60.385735
v -36.789692 7.426667 -52.318054
v -42.135422 6.224750 -40.223339
v -33.501713 6.169044 -35.871704
v -17.180826 6.169044 -40.580921
v -11.374810 9.815685 -48.079174
v -10.132016 10.718410 -55.129822
v -16.642319 11.774866 -58.991394
v -24.167427 10.872142 -58.082001
v -33.411823 9.815685 -51.754673
v -34.654617 8.613769 -44.704025
v -28.361776 8.558062 -42.515823
v -18.718962 8.558062 -43.913860
v -16.430143 12.120502 -48.922344
v -15.757549 13.023226 -52.738129
v -18.972095 14.079681 -54.901287
v -24.190748 12.468432 -54.144676
v -28.356489 11.411977 -50.911503
v -29.029083 10.210059 -47.095718
v -25.814537 10.693388 -44.932560
v -20.595884 11.502115 -45.689171
v -22.393316 0.211064 -49.916924
v -22.393316 11.965810 -49.916924
v 57.372318 0.279570 -1.794918
v 54.909508 0.279570 -4.438992
v 51.326088 0.279570 -3.974614
v 48.721172 0.279570 -0.673809
v 48.620689 0.279570 3.529855
v 51.083496 0.279570 6.173930
v 54.666916 0.279570 5.709552
v 57.271835 0.279570 2.408747
v 61.081955 0.640046 -4.051980
v 56.531277 0.640046 -8.937592
v 49.909977 0.640046 -8.079533
v 45.096725 0.640046 -1.980441
v 44.911053 0.640046 5.786918
v 49.461731 0.640046 10.672529
v 56.083031 0.640046 9.814471
v 60.896286 0.640046 3.715379
v 63.560654 1.179539 -5.560100
v 57.614910 1.179539 -11.943460
v 48.963764 1.179539 -10.822352
v 42.674946 1.179539 -2.853505
v 42.432354 1.179539 7.295038
v 48.378098 1.179539 13.678397
v 55.882656 1.179539 11.285185
v 62.171471 1.179539 3.316338
v 64.311867 2.511593 -5.830404
v 57.876240 2.511593 -12.739702
v 48.333931 1.815911 -11.967791
v 42.116688 1.815911 -2.908070
v 41.561954 1.815911 7.824618
v 47.997578 1.815911 14.733919
v 56.214920 1.815911 12.248336
v 63.021896 1.815911 3.622918
v 63.441460 9.232323 -5.300821
v 57.495720 9.232323 -11.684182
v 48.383694 8.536641 -9.822882
v 43.297394 8.536641 -3.745700
v 42.432354 8.536641 7.295038
v 48.378098 9.643596 13.678397
v 55.882656 7.075435 11.285185
v 62.171471 7.075435 3.316339
v 61.081955 11.312389 -4.051980
v 56.531277 11.312389 -8.937592
v 49.664837 11.312389 -7.687181
v 45.771954 11.312389 -3.035909
v 44.911053 11.312389 5.786918
v 49.461731 12.419345 10.672529
v 54.936443 9.851184 8.542367
v 59.749699 9.851184 2.443275
v 57.372318 13.990304 -1.794918
v 54.909508 13.990304 -4.438992
v 51.326088 13.990304 -3.974614
v 48.721172 13.167085 -0.673809
v 48.620689 13.167085 3.529855
v 51.083496 14.274039 6.173930
v 54.666916 13.167085 5.709552
v 57.271835 13.271815 2.408747
v 52.996502 0.152989 0.867469
v 52.996502 13.810572 0.867469
v 8.230921 0.307427 -50.816082
v 7.470730 0.307427 -54.348595
v 4.155495 0.307427 -55.785873
v 0.227238 0.307427 -54.285980
v -2.012923 0.307427 -50.727531
v -1.252732 0.307427 -47.195015
v 2.062503 0.307427 -45.757736
v 5.990761 0.307427 -47.257629
v 12.573077 0.667904 -50.853615
v 11.168426 0.667904 -57.380852
v 5.042672 0.667904 -60.036598
v -2.215802 0.667904 -57.265156
v -6.355079 0.667904 -50.689995
v -4.950428 0.667904 -44.162762
v 1.175327 0.667904 -41.507011
v 8.433802 0.667904 -44.278458
v 15.474413 1.207397 -50.878696
v 13.639147 1.207397 -59.406940
v 5.635464 1.207397 -62.876846
v -5.476202 1.207397 -60.899361
v -9.256414 1.207397 -50.664917
v -7.421149 1.207397 -42.136673
v 0.249691 1.207397 -40.346687
v 9.733345 1.207397 -43.967754
v 16.258026 2.539451 -50.725914
v 14.271546 2.539451 -59.956821
v 5.483881 1.843769 -66.831505
v -6.125259 1.843769 -63.880547
v -10.275228 1.843769 -50.656109
v -8.288753 1.843769 -41.425201
v 0.041530 1.843769 -39.349327
v 10.306562 1.843769 -43.268742
v 15.239210 9.260180 -50.717106
v 13.403945 9.260180 -59.245350
v 4.427605 8.564498 -64.964043
v -4.682135 8.564498 -63.994904
v -9.256414 8.564498 -50.664917
v -7.421149 9.671453 -42.136673
v 0.249691 7.103293 -40.346687
v 9.733345 7.103293 -43.967754
v 12.573077 11.340247 -50.853615
v 11.168426 11.340247 -57.380852
v 4.433515 11.340247 -62.473564
v -2.920764 11.340247 -62.117447
v -6.355079 11.340247 -50.689995
v -4.950428 12.447203 -44.162762
v 0.842484 9.879042 -43.186932
v 8.100958 9.879042 -45.958374
v 8.232153 12.243140 -52.151974
v 7.461370 12.030832 -55.675804
v 4.156727 12.243140 -57.121769
v 0.172240 11.939301 -55.575764
v -2.042349 12.451859 -52.038284
v -1.161570 13.761942 -48.604652
v 2.033077 12.451859 -47.068485
v 5.946170 12.043163 -48.555946
v 3.108999 0.180847 -50.771805
v 3.117943 12.577454 -52.114021
v -18.324242 0.448011 41.444992
v -21.480820 0.448011 42.879612
v -21.205414 0.448011 46.335945
v -17.659353 0.448011 49.789326
v -12.919875 0.448011 51.216805
v -9.763297 0.448011 49.782188
v -10.038703 0.448011 46.325851
v -13.584763 0.448011 42.872471
v -20.615044 0.723737 37.302921
v -26.447638 0.723737 39.953751
v -25.938755 0.723737 46.340225
v -19.386490 0.723737 52.721241
v -10.629073 0.723737 55.358875
v -4.796480 0.723737 52.708050
v -5.305362 0.723737 46.321571
v -11.857626 0.723737 39.940559
v -22.145708 1.136392 34.535278
v -29.766357 1.136392 37.998753
v -29.101469 1.136392 46.343086
v -20.540525 1.136392 54.680279
v -9.098409 1.136392 58.126518
v -1.477759 1.136392 54.663044
v -3.658664 1.136392 46.973557
v -12.219606 1.136392 38.636360
v -21.376431 2.155270 34.257454
v -30.007465 2.155270 38.862732
v -30.438564 1.623148 46.560982
v -20.640917 1.623148 55.178444
v -8.560911 1.623148 59.098385
v 3.917734 1.623148 56.628048
v 2.064552 1.623148 47.394608
v -11.431863 1.623148 37.091995
v -20.838934 7.295909 35.229321
v -28.842085 7.295909 39.549236
v -28.013239 7.702674 47.196060
v -21.504683 7.702674 53.822239
v -9.098409 6.763787 58.126518
v 2.752353 5.695628 55.941544
v 0.953952 5.646122 47.395615
v -11.837107 5.646122 37.779922
v -20.615044 8.886938 37.302921
v -26.447638 9.689201 39.953751
v -25.512770 10.628087 46.691162
v -20.531336 9.825825 51.762619
v -10.629073 8.886938 55.358875
v -4.796480 7.818780 52.708050
v -6.821379 7.769272 46.976418
v -13.373643 7.769272 40.595406
v -18.324242 10.935257 41.444992
v -21.480820 11.737520 42.879612
v -21.205414 12.676405 46.335945
v -17.659353 11.244468 49.789326
v -12.919875 10.305582 51.216805
v -9.763297 9.237423 49.782188
v -10.038703 9.666965 46.325851
v -13.584763 10.385689 42.872471
v -15.622059 0.351190 46.330898
v -15.622059 10.797780 46.330898
v 48.185318 0.309168 25.790607
v 47.727287 0.309168 23.097652
v 44.997807 0.309168 22.989361
v 41.595764 0.309168 25.529165
v 39.514034 0.309168 29.229284
v 39.972061 0.309168 31.922241
v 42.701542 0.309168 32.030533
v 46.103584 0.309168 29.490726
v 51.860893 0.731995 24.333023
v 51.014568 0.731995 19.357092
v 45.971146 0.731995 19.156994
v 39.684994 0.731995 23.849941
v 35.838459 0.731995 30.686871
v 36.684780 0.731995 35.662800
v 41.728203 0.731995 35.862900
v 48.014355 0.731995 31.169952
v 54.316837 1.364803 23.359097
v 53.211060 1.364803 16.857729
v 46.621510 1.364803 16.596289
v 37.117035 1.364803 21.893551
v 33.382511 1.364803 31.660797
v 34.488289 1.364803 38.162163
v 40.884277 1.364803 37.133530
v 49.097530 1.364803 31.001896
v 54.971790 2.927259 23.228962
v 53.774906 2.927259 16.191936
v 46.700512 2.111247 13.351759
v 36.724140 2.111247 19.623358
v 32.520100 2.111247 32.002796
v 33.716984 2.111247 39.039822
v 40.655899 2.111247 38.032730
v 49.545860 2.111247 31.395897
v 54.109379 10.810459 23.570961
v 53.003601 10.810459 17.069595
v 45.709003 9.994446 15.254358
v 37.951065 9.994446 19.054060
v 33.382511 9.994446 31.660797
v 34.488289 11.292869 38.162163
v 40.884277 8.280499 37.133530
v 49.097530 8.280499 31.001896
v 51.860893 13.250309 24.333023
v 51.014568 13.250309 19.357092
v 45.583488 13.250309 17.327045
v 39.342857 13.250309 20.039442
v 35.838459 13.250309 30.686871
v 36.684780 14.548733 35.662800
v 41.534641 11.536362 34.572823
v 47.820793 11.536362 29.879873
v 48.256363 14.309373 24.677374
v 47.788921 14.060343 21.995134
v 45.068859 14.309373 21.876127
v 41.616829 13.952980 24.472815
v 39.557827 14.554193 28.147064
v 40.123058 16.090879 30.718037
v 42.745338 14.554193 30.948311
v 46.133896 14.074809 28.423847
v 43.849674 0.160693 27.509945
v 43.927582 14.701513 26.388910
v 42.199375 0.305040 -27.823788
v 38.986202 0.305040 -26.170885
v 38.460758 0.305040 -22.595907
v 40.930840 0.305040 -19.193027
v 44.949505 0.305040 -17.955606
v 48.162678 0.305040 -19.608509
v 48.688122 0.305040 -23.183487
v 46.218040 0.305040 -26.586367
v 41.033649 0.665516 -32.006706
v 35.096481 0.665516 -28.952539
v 34.125587 0.665516 -22.346844
v 38.689705 0.665516 -16.059141
v 46.115234 0.665516 -13.772687
v 52.052399 0.665516 -16.826855
v 53.023293 0.665516 -23.432550
v 48.459175 0.665516 -29.720251
v 40.254734 1.205009 -34.801643
v 32.497456 1.205009 -30.811184
v 31.228924 1.205009 -22.180424
v 37.192230 1.205009 -13.965148
v 46.894146 1.205009 -10.977751
v 54.651424 1.205009 -14.968211
v 54.384449 1.205009 -22.840603
v 48.421146 1.205009 -31.055882
v 41.021648 2.537063 -35.129906
v 32.082294 2.537063 -29.901529
v 29.955549 1.841381 -21.885052
v 36.988220 1.841381 -13.442644
v 47.167664 1.841381 -9.996300
v 59.149853 1.841381 -13.206506
v 59.530327 1.841381 -22.699137
v 49.489922 1.841381 -32.700325
v 41.295166 9.257792 -34.148453
v 32.994953 9.257792 -29.248861
v 32.033482 9.789585 -21.350899
v 36.502415 9.789585 -14.806345
v 46.894146 8.562111 -10.977751
v 58.237198 7.165629 -13.859174
v 58.513153 7.100904 -22.640697
v 48.964077 7.100904 -31.965012
v 41.033649 11.337859 -32.006706
v 35.096481 12.386716 -28.952539
v 34.436695 13.614189 -22.004431
v 37.857071 12.565333 -16.995445
v 46.115234 11.337859 -13.772687
v 52.052399 9.941378 -16.826855
v 51.487782 9.876654 -22.674185
v 46.923664 9.876654 -28.961885
v 42.199375 14.015774 -27.823788
v 38.986202 15.064631 -26.170885
v 38.460758 16.292105 -22.595907
v 40.930840 14.420029 -19.193027
v 44.949505 13.192554 -17.955606
v 48.162678 11.796073 -19.608509
v 48.688122 12.357642 -23.183487
v 46.218040 13.297285 -26.586367
v 43.574440 0.178459 -22.889696
v 43.574440 13.836041 -22.889696
v 26.183121 0.305411 -37.801029
v 29.788734 0.305411 -37.564144
v 32.079445 0.305411 -40.358639
v 31.713383 0.305411 -44.547543
v 28.904987 0.305411 -47.677048
v 25.299374 0.305411 -47.913933
v 23.008663 0.305411 -45.119438
v 23.374725 0.305411 -40.930534
v 25.029379 0.665887 -33.614792
v 31.691681 0.665887 -33.177082
v 35.924358 0.665887 -38.340633
v 35.247967 0.665887 -46.080715
v 30.058729 0.665887 -51.863285
v 23.396427 0.665887 -52.300999
v 19.163748 0.665887 -47.137444
v 19.840137 0.665887 -39.397362
v 24.258472 1.205380 -30.817635
v 32.963192 1.205380 -30.245739
v 38.493450 1.205380 -36.992249
v 37.609703 1.205380 -47.105148
v 30.829636 1.205380 -54.660442
v 23.432905 1.205380 -52.467865
v 16.398014 1.205380 -47.516411
v 19.185226 1.205380 -38.232700
v 23.431993 2.537434 -30.930973
v 35.085785 2.537434 -30.719410
v 41.035622 1.841752 -36.497505
v 40.104107 1.841752 -48.774467
v 31.852467 1.841752 -57.061546
v 20.483067 1.841752 -56.293823
v 12.059069 1.841752 -50.286549
v 17.422441 1.841752 -37.373005
v 23.702702 9.258164 -31.913204
v 34.639290 9.258164 -31.748760
v 39.529083 9.789955 -38.025074
v 39.818638 9.789955 -47.355244
v 31.581760 8.562482 -56.079315
v 20.929562 7.166000 -55.264469
v 12.961215 7.101276 -49.813057
v 18.251772 7.101276 -37.732738
v 25.029379 11.338231 -33.614792
v 31.691681 9.693133 -32.668011
v 35.833893 10.920609 -38.285275
v 35.479851 9.871752 -44.340317
v 30.058729 11.338231 -51.863285
v 22.638103 9.941749 -48.093094
v 16.900793 9.877025 -44.724594
v 21.546963 9.877025 -39.257133
v 26.183121 15.034732 -37.801029
v 29.788734 12.520612 -37.055077
v 32.079445 12.961099 -39.849571
v 31.713383 12.745034 -44.038475
v 28.904987 14.211512 -47.677048
v 23.233065 12.815031 -46.470505
v 20.942354 13.376600 -43.676010
v 23.374725 14.316242 -40.930534
v 27.544054 0.178830 -42.739040
v 27.544054 14.855000 -42.739040
v -48.748669 0.312413 -23.730972
v -48.475281 0.312413 -20.806051
v -45.654495 0.312413 -19.985647
v -41.938686 0.312413 -21.750345
v -39.504524 0.312413 -25.066406
v -39.777912 0.312413 -27.991325
v -42.598698 0.312413 -28.811731
v -46.314507 0.312413 -27.047033
v -52.667072 0.716127 -23.164909
v -52.161919 0.716127 -17.760359
v -46.949787 0.716127 -16.244453
v -40.083862 0.716127 -19.505186
v -35.586121 0.716127 -25.632469
v -36.091270 0.716127 -31.037018
v -41.303406 0.716127 -32.552929
v -48.169327 0.716127 -29.292191
v -55.285267 1.320329 -22.786678
v -54.625256 1.320329 -15.725296
v -47.815269 1.320329 -13.744667
v -38.844513 1.320329 -18.005022
v -32.967926 1.320329 -26.010700
v -35.936359 1.320329 -31.067078
v -41.335804 1.320329 -34.866043
v -49.304520 1.320329 -29.397860
v -55.294865 2.812155 -23.477936
v -53.913208 2.812155 -14.219491
v -47.917091 2.033030 -11.566931
v -37.007614 2.033030 -16.627569
v -30.671741 2.033030 -26.050825
v -32.895271 2.033030 -34.740040
v -39.431099 2.033030 -39.261620
v -50.315006 2.033030 -30.484077
v -54.375477 10.339001 -23.610752
v -53.048203 10.339001 -14.934111
v -46.747234 10.934578 -13.292504
v -38.321781 10.934578 -16.352383
v -31.591129 9.559875 -25.918007
v -33.760281 7.995893 -34.025417
v -39.735016 7.923406 -38.383812
v -49.879803 7.923406 -29.957287
v -52.667072 12.668559 -23.164909
v -52.619495 10.826142 -17.580957
v -47.011749 12.200846 -16.296238
v -41.616940 11.026184 -18.709110
v -35.586121 12.668559 -25.632469
v -39.975811 11.104579 -30.151707
v -43.777409 11.032090 -33.485954
v -48.065166 11.032090 -27.897692
v -48.748669 16.808437 -23.730972
v -48.932858 13.992761 -20.626650
v -46.112068 14.486081 -19.806246
v -42.396259 14.244102 -21.570944
v -39.504524 15.886475 -25.066406
v -41.354027 14.322494 -29.111021
v -44.174816 14.951421 -29.931423
v -46.314507 16.003767 -27.047033
v -44.126595 0.170650 -24.398689
v -44.126595 16.607147 -24.398689
v 18.344450 0.313043 49.799664
v 22.493614 0.313043 48.012135
v 24.316217 0.313043 43.878258
v 22.744604 0.313043 39.819599
v 18.699400 0.313043 38.213665
v 14.550235 0.313043 40.001190
v 12.727632 0.313043 44.135071
v 14.299246 0.313043 48.193726
v 18.193993 0.705133 54.710728
v 25.860649 0.705133 51.407810
v 29.228382 0.705133 43.769405
v 26.324415 0.705133 36.269978
v 18.849857 0.705133 33.302601
v 11.183200 0.705133 36.605518
v 7.815468 0.705133 44.243923
v 10.719433 0.705133 51.743351
v 18.093460 1.291939 57.992195
v 28.110430 1.291939 53.676727
v 32.510582 1.291939 43.696667
v 28.716372 1.291939 33.898201
v 18.950390 1.291939 30.021132
v 11.178425 1.291939 36.415104
v 4.578308 1.291939 45.414242
v 10.299368 1.291939 53.297550
v 17.126081 2.740812 58.341827
v 30.383659 2.740812 52.000221
v 35.526508 1.984120 42.770000
v 31.080463 1.984120 30.795235
v 19.445646 1.984120 27.001127
v 6.780658 1.984120 34.179714
v -1.101139 1.984120 45.035339
v 8.540283 1.984120 55.164612
v 17.161385 10.050941 57.189526
v 29.593639 10.050941 51.203484
v 33.398273 10.629371 42.062473
v 31.149143 10.629371 32.400730
v 19.410345 9.294250 28.153427
v 7.570677 7.775299 34.976456
v 0.051419 7.704898 45.009796
v 9.380226 7.704898 54.331757
v 18.193993 12.313428 54.710728
v 26.001259 10.524058 51.926086
v 29.141209 11.859181 43.876667
v 27.067764 10.718340 37.911373
v 18.849857 12.313428 33.302601
v 11.486581 10.794477 41.316154
v 5.918886 10.724076 47.973637
v 12.691323 10.724076 50.925770
v 18.344450 16.334108 49.799664
v 22.634226 13.599503 48.530407
v 24.456827 14.078619 44.396530
v 22.885212 13.843607 40.337872
v 18.699400 15.438692 38.213665
v 12.608611 13.919742 42.633324
v 10.786007 14.530560 46.767197
v 14.299246 15.552608 48.193726
v 18.521925 0.175362 44.006664
v 18.521925 16.138613 44.006664
v -39.496899 0.386945 32.098442
v -35.638615 0.386945 32.351925
v -33.187374 0.386945 29.361599
v -33.579090 0.386945 24.879148
v -36.584293 0.386945 21.530336
v -40.442577 0.386945 21.276850
v -42.893814 0.386945 24.267176
v -42.502102 0.386945 28.749626
v -40.731495 0.828076 36.578041
v -33.602310 0.828076 37.046425
v -29.073015 0.828076 31.521019
v -29.796808 0.828076 23.238535
v -35.349697 0.828076 17.050735
v -42.478878 0.828076 16.582350
v -47.008175 0.828076 22.107756
v -46.284386 0.828076 30.390240
v -41.556419 1.488278 39.571213
v -32.241699 1.488278 40.183186
v -26.323891 1.488278 32.963902
v -27.269569 1.488278 22.142311
v -34.524769 1.488278 14.057561
v -42.439842 1.488278 16.403786
v -49.967724 1.488278 21.702230
v -46.985191 1.488278 31.636524
v -42.440819 3.118371 39.449932
v -29.970360 3.118371 39.676323
v -23.603571 2.267034 33.493313
v -24.600363 2.267034 20.356012
v -33.430260 2.267034 11.488193
v -45.596401 2.267034 12.309717
v -54.610729 2.267034 18.737970
v -48.871506 2.267034 32.556458
v -42.151138 11.342830 38.398872
v -30.448143 11.342830 38.574841
v -25.215679 11.993607 31.858692
v -24.905836 11.993607 21.874691
v -33.719936 10.491492 12.539255
v -45.118618 8.782556 13.411203
v -53.645367 8.703350 19.244642
v -47.984058 8.703350 32.171513
v -40.731495 13.888300 36.578041
v -33.602310 11.875122 37.591171
v -29.169825 13.377237 31.580261
v -29.548674 12.093704 25.100897
v -35.349697 13.888300 17.050735
v -43.290344 12.179364 21.085131
v -49.429707 12.100157 24.689690
v -44.457951 12.100157 30.540298
v -39.496899 18.411873 32.098442
v -35.638615 15.335234 32.896671
v -33.187374 15.874275 29.906343
v -33.579090 15.609871 25.423893
v -36.584293 17.404465 21.530336
v -42.653690 15.695528 22.821430
v -45.104927 16.382744 25.811756
v -42.502102 17.532625 28.749626
v -38.040596 0.232042 26.814388
v -38.040596 18.191927 26.814388
v -51.861202 0.284883 5.083189
v -48.947857 0.284883 6.015697
v -46.886471 0.284883 3.755647
v -46.884567 0.284883 -0.373054
v -48.943272 0.284883 -3.951869
v -51.856613 0.284883 -4.884377
v -53.918003 0.284883 -2.624328
v -53.919907 0.284883 1.504373
v -53.098049 0.645360 8.912964
v -47.714893 0.645360 10.636014
v -43.905945 0.645360 6.459988
v -43.902435 0.645360 -1.168856
v -47.706425 0.645360 -7.781645
v -53.089581 0.645360 -9.504695
v -56.898529 0.645360 -5.328669
v -56.902039 0.645360 2.300176
v -53.924488 1.184853 11.471938
v -46.891056 1.184853 13.723211
v -41.914425 1.184853 8.266970
v -40.182961 1.184853 -2.385681
v -46.879982 1.184853 -10.340619
v -53.913418 1.184853 -12.591891
v -57.512939 1.184853 -6.667010
v -57.517525 1.184853 3.300554
v -54.269279 2.516906 12.090813
v -46.656349 2.516906 14.527574
v -38.856770 1.821224 9.925095
v -37.722118 1.821224 -1.605305
v -46.589779 1.821224 -11.239211
v -54.202713 1.821224 -13.675972
v -58.212269 1.821224 -7.301540
v -58.217232 1.821224 3.487276
v -53.979073 9.237636 11.192219
v -46.945641 9.237636 13.443494
v -39.971947 8.541954 8.151750
v -38.055553 8.541954 -0.286326
v -46.879982 8.541954 -10.340619
v -53.913418 9.648910 -12.591891
v -57.512939 7.080749 -6.667010
v -57.517525 7.080749 3.300554
v -53.098049 11.317702 8.912964
v -47.714893 11.317702 10.636014
v -41.871437 11.317702 7.028897
v -39.999508 11.317702 0.409929
v -47.706425 11.317702 -7.781645
v -53.089581 12.424659 -9.504695
v -55.521420 9.856497 -4.860029
v -55.524925 9.856497 2.768816
v -50.843605 12.220595 5.689350
v -47.933788 12.008287 6.608624
v -45.868870 12.220595 4.361808
v -45.885719 11.916757 0.162849
v -47.935894 12.429314 -3.384014
v -50.809029 13.739398 -4.165847
v -52.910625 12.429314 -2.056473
v -52.917583 12.020619 2.053279
v -50.402237 0.158303 0.565660
v -49.382065 12.554909 1.181458
v 26.848763 6.015627 5.186055
v 26.601688 4.989496 20.626268
v 26.871981 16.936848 13.668414
v -17.051649 6.623219 4.523940
v -17.298721 5.597088 19.964153
v -17.028431 17.544439 13.006298
v 26.869659 15.844725 12.820178
v -17.030750 16.452316 12.158063
v -17.274015 5.699701 18.420132
v 26.626394 5.092109 19.082247
v 26.738398 10.765540 16.862389
v 26.727205 11.260294 18.058517
v -17.173206 11.867887 17.396404
v -17.162012 11.373133 16.200274
v 26.682034 7.993515 18.055750
v 26.664083 8.189586 19.425825
v -17.236326 8.797178 18.763708
v -17.218376 8.601108 17.393635
v -17.096746 13.977416 14.262601
v -17.101183 14.770854 15.284782
v 26.794781 14.247132 16.319054
v 26.799213 13.453693 15.296871
v -17.842346 5.354843 18.286257
v 27.188742 4.731603 18.965425
v 27.167791 4.608012 20.240999
v -17.863295 5.231253 19.561831
v 27.447950 16.822680 12.874669
v 27.445522 15.927168 12.213688
v -17.585567 16.550409 11.534520
v -17.583139 17.445921 12.195501
v 27.246597 8.019968 18.147148
v 27.230194 8.147484 19.351482
v -17.800892 8.770725 18.672316
v -17.784491 8.643209 17.467979
v 27.360889 14.205030 16.244711
v 27.363771 13.480147 15.388269
v -17.662859 14.019518 14.336941
v -17.665745 14.744400 15.193386
v 27.302958 10.791993 16.953789
v 27.293318 11.218192 17.984175
v -17.737768 11.841434 17.305004
v -17.728130 11.415235 16.274622
v 10.282620 17.229439 12.780154
v -3.785142 19.836418 18.680653
v 3.567379 28.268396 12.188734
v -9.404984 3.073356 -27.903845
v -23.472746 5.680336 -22.003347
v -16.120226 14.112312 -28.495266
v 4.238903 27.164497 12.247875
v -15.448702 13.008416 -28.436125
v -22.065969 5.419639 -22.593395
v -2.378366 19.575722 18.090605
v 0.131636 23.823141 15.398075
v -0.907514 24.505438 15.663528
v -20.595118 10.349358 -25.020470
v -19.555967 9.667060 -25.285925
v -1.193184 21.772268 16.752783
v -2.416147 22.243765 17.180534
v -22.103752 8.087684 -23.503466
v -20.880787 7.616186 -23.931217
v -17.572155 11.410575 -26.852581
v -18.427492 12.303672 -26.749424
v 0.930616 26.613434 14.040549
v 1.785953 25.720335 13.937393
v -22.237141 4.914200 -23.044733
v -2.042475 19.434879 18.687103
v -3.208091 19.617783 19.187519
v -23.402758 5.097103 -22.544315
v 4.537785 28.181683 12.459346
v 5.057139 27.284271 12.520277
v -15.137527 12.763593 -29.211557
v -15.656881 13.661006 -29.272490
v -1.011648 22.001835 17.295092
v -2.090623 22.378792 17.686062
v -22.285292 7.858114 -24.045774
v -21.206314 7.481157 -24.436745
v 1.256142 26.748459 14.546076
v 1.967490 25.949905 14.479701
v -17.897678 11.275547 -27.358109
v -18.609032 12.074102 -27.291735
v 0.313172 24.052711 15.940384
v -0.581989 24.640467 16.169056
v -20.776653 10.119786 -25.562780
v -19.881496 9.532033 -25.791451
vt 0.996941 0.771398
vt 0.872061 0.984797
vt 0.996760 0.997476
vt 0.872023 0.758816
vt 0.993178 0.774233
vt 0.993002 0.994635
vt 0.922454 0.518467
vt 0.922433 0.738775
vt 0.865705 0.518461
vt 0.865684 0.738769
vt 0.918771 0.986516
vt 0.673319 0.943226
vt 0.920465 0.989353
vt 0.671869 0.946195
vt 0.687219 0.946470
vt 0.606194 0.976022
vt 0.676770 0.975236
vt 0.606357 0.990711
vt 0.676934 0.989925
vt 0.535780 0.991496
vt 0.747347 0.974451
vt 0.535617 0.976807
vt 0.747510 0.989140
vt 0.465204 0.992281
vt 0.465041 0.977592
vt 0.394628 0.993066
vt 0.394464 0.978377
vt 0.324051 0.993851
vt 0.323888 0.979162
vt 0.395878 0.954606
vt 0.466454 0.953821
vt 0.396041 0.969295
vt 0.466618 0.968510
vt 0.325464 0.970081
vt 0.537031 0.953036
vt 0.325301 0.955392
vt 0.537194 0.967725
vt 0.607607 0.952251
vt 0.607771 0.966940
vt 0.678184 0.951465
vt 0.678347 0.966154
vt 0.748760 0.950680
vt 0.748924 0.965369
vt 0.801974 0.220920
vt 0.801972 0.177409
vt 0.807317 0.225134
vt 0.808289 0.174073
vt 0.810346 0.134711
vt 0.834798 0.225364
vt 0.835747 0.177881
vt 0.832231 0.272485
vt 0.848588 0.140044
vt 0.847683 0.220850
vt 0.811099 0.276343
vt 0.814944 0.134095
vt 0.850341 0.187389
vt 0.076841 0.672179
vt 0.097178 0.681413
vt 0.063342 0.735758
vt 0.089920 0.742748
vt 0.056108 0.798227
vt 0.087486 0.807869
vt 0.205911 0.727353
vt 0.204989 0.684536
vt 0.211977 0.684665
vt 0.200923 0.725901
vt 0.211838 0.641740
vt 0.230923 0.726782
vt 0.204735 0.643870
vt 0.243369 0.686442
vt 0.236735 0.773053
vt 0.243481 0.644822
vt 0.248209 0.727325
vt 0.212276 0.778422
vt 0.253176 0.763354
vt 0.256272 0.696181
vt 0.267340 0.731401
vt 0.269670 0.751134
vt 0.274129 0.712379
vt 0.274119 0.784651
vt 0.262963 0.800911
vt 0.525335 0.368710
vt 0.526417 0.399585
vt 0.474186 0.378152
vt 0.570716 0.372139
vt 0.478612 0.410124
vt 0.521686 0.364379
vt 0.564941 0.409564
vt 0.523969 0.417895
vt 0.445554 0.424893
vt 0.473579 0.374244
vt 0.482927 0.426791
vt 0.426102 0.398340
vt 0.427315 0.364434
vt 0.554605 0.426760
vt 0.496088 0.441439
vt 0.456629 0.438693
vt 0.004860 0.689414
vt 0.011974 0.687361
vt 0.004873 0.729872
vt 0.011878 0.730092
vt 0.043071 0.731767
vt 0.005205 0.772480
vt 0.043579 0.690413
vt 0.030729 0.773689
vt 0.047215 0.640694
vt 0.058554 0.728576
vt 0.014752 0.635469
vt 0.058930 0.697049
vt 0.090924 0.640655
vt 0.121786 0.636071
vt 0.106495 0.704212
vt 0.087769 0.596057
vt 0.138434 0.698725
vt 0.082445 0.598891
vt 0.125177 0.596054
vt 0.153268 0.688827
vt 0.085360 0.640086
vt 0.140112 0.634623
vt 0.065351 0.686731
vt 0.143752 0.603122
vt 0.779030 0.041355
vt 0.779035 0.002418
vt 0.783983 0.037439
vt 0.101482 0.000243
vt 0.109098 0.029628
vt 0.066326 0.010271
vt 0.162521 0.008140
vt 0.074103 0.034098
vt 0.151424 0.035597
vt 0.079905 0.049134
vt 0.145647 0.049112
vt 0.112170 0.047116
vt 0.569032 0.386468
vt 0.600252 0.355739
vt 0.585713 0.397431
vt 0.614574 0.368844
vt 0.664681 0.310058
vt 0.675353 0.325872
vt 0.682758 0.355417
vt 0.688484 0.361751
vt 0.652731 0.367022
vt 0.656719 0.373594
vt 0.668371 0.407192
vt 0.613674 0.389019
vt 0.697124 0.399504
vt 0.626606 0.415207
vt 0.612395 0.384711
vt 0.667935 0.422452
vt 0.634663 0.430566
vt 0.585540 0.438731
vt 0.691324 0.417138
vt 0.602581 0.448877
vt 0.568451 0.415069
vt 0.674841 0.300764
vt 0.709884 0.292175
vt 0.692794 0.358558
vt 0.664667 0.269181
vt 0.729665 0.350917
vt 0.683932 0.351096
vt 0.660514 0.274465
vt 0.708422 0.261310
vt 0.745230 0.343060
vt 0.712614 0.409699
vt 0.670779 0.304189
vt 0.728882 0.292852
vt 0.729491 0.268243
vt 0.752053 0.286922
vt 0.749169 0.300841
vt 0.759880 0.317475
vt 0.026709 0.239945
vt 0.026710 0.199368
vt 0.033040 0.235478
vt 0.861399 0.056987
vt 0.898196 0.048050
vt 0.874893 0.094023
vt 0.861518 0.005067
vt 0.905169 0.083908
vt 0.898943 0.011708
vt 0.922374 0.079127
vt 0.922365 0.125350
vt 0.916000 0.017173
vt 0.918977 0.046018
vt 0.012553 0.997765
vt 0.008726 0.953740
vt 0.037358 0.992735
vt 0.033588 0.952040
vt 0.012606 0.887935
vt 0.037337 0.890072
vt 0.168955 0.806903
vt 0.138959 0.811722
vt 0.151678 0.796746
vt 0.172949 0.824003
vt 0.126614 0.829029
vt 0.185875 0.805156
vt 0.160110 0.695055
vt 0.196805 0.703159
vt 0.157590 0.752270
vt 0.197528 0.647063
vt 0.195456 0.746559
vt 0.166489 0.641032
vt 0.166510 0.789943
vt 0.197561 0.783591
vt 0.206470 0.841457
vt 0.163279 0.890090
vt 0.185618 0.827812
vt 0.144755 0.873565
vt 0.229271 0.799074
vt 0.132047 0.916818
vt 0.155220 0.839588
vt 0.206490 0.788047
vt 0.111490 0.892794
vt 0.127650 0.860941
vt 0.103541 0.881342
vt 0.110666 0.844486
vt 0.094738 0.856319
vt 0.125294 0.834677
vt 0.187483 0.000647
vt 0.190360 0.000246
vt 0.190353 0.025733
vt 0.632170 0.162458
vt 0.626634 0.129109
vt 0.639561 0.164535
vt 0.632668 0.120440
vt 0.634071 0.204015
vt 0.673509 0.157133
vt 0.668807 0.117839
vt 0.676044 0.193739
vt 0.674720 0.128951
vt 0.650815 0.204716
vt 0.686426 0.154285
vt 0.702337 0.248934
vt 0.693357 0.185162
vt 0.678962 0.263948
vt 0.704017 0.215978
vt 0.716824 0.177471
vt 0.712827 0.158142
vt 0.718488 0.195218
vt 0.703595 0.140829
vt 0.052257 0.842061
vt 0.080114 0.847454
vt 0.046607 0.885316
vt 0.088287 0.814000
vt 0.080917 0.886140
vt 0.061607 0.805968
vt 0.103614 0.888683
vt 0.056075 0.940071
vt 0.099695 0.935659
vt 0.132556 0.339345
vt 0.135248 0.300608
vt 0.135249 0.340336
vt 0.003177 0.835990
vt 0.044580 0.832555
vt 0.012910 0.884294
vt 0.046831 0.786467
vt 0.046842 0.878634
vt 0.007110 0.776704
vt 0.000000 0.177445
vt 0.023740 0.157647
vt 0.016616 0.177620
vt 0.002804 0.137171
vt 0.023746 0.212612
vt 0.001827 0.228525
vt 0.753151 0.185457
vt 0.798133 0.194146
vt 0.750773 0.246696
vt 0.797194 0.134025
vt 0.796858 0.240592
vt 0.759148 0.127557
vt 0.760087 0.287108
vt 0.798143 0.280289
vt 0.314427 0.576866
vt 0.331838 0.644605
vt 0.286197 0.588077
vt 0.302461 0.651502
vt 0.291817 0.530572
vt 0.334872 0.689082
vt 0.276716 0.622609
vt 0.264647 0.545125
vt 0.296055 0.692477
vt 0.279715 0.658040
vt 0.254850 0.642080
vt 0.279833 0.691865
vt 0.252013 0.661240
vt 0.250890 0.682622
vt 0.801882 0.043487
vt 0.808917 0.002160
vt 0.816100 0.001757
vt 0.797606 0.042639
vt 0.825482 0.049041
vt 0.791273 0.092068
vt 0.846311 0.013807
vt 0.816051 0.093574
vt 0.787610 0.088085
vt 0.840408 0.053892
vt 0.833415 0.088929
vt 0.792917 0.046268
vt 0.789960 0.127782
vt 0.855529 0.026138
vt 0.827653 0.125517
vt 0.785251 0.081046
vt 0.785257 0.123929
vt 0.855421 0.059581
vt 0.844156 0.113751
vt 0.852825 0.079340
vt 0.861834 0.091615
vt 0.445394 0.429666
vt 0.419937 0.448270
vt 0.400482 0.395590
vt 0.457141 0.496635
vt 0.388290 0.426182
vt 0.483303 0.478830
vt 0.408439 0.459174
vt 0.358355 0.385127
vt 0.439665 0.501629
vt 0.380946 0.440774
vt 0.349378 0.416308
vt 0.772127 0.983729
vt 0.980983 0.768928
vt 0.757056 0.979105
vt 0.785267 0.990750
vt 0.997947 0.769777
vt 0.786040 0.985621
vt 0.996889 0.766289
vt 0.800511 0.985829
vt 0.949177 0.768898
vt 0.817881 0.979044
vt 0.929343 0.770274
vt 0.931701 0.766342
vt 0.800512 0.956492
vt 0.815579 0.951852
vt 0.980772 0.559354
vt 0.819137 0.956636
vt 0.787380 0.963525
vt 0.996692 0.561959
vt 0.786602 0.958397
vt 0.771570 0.956935
vt 0.770741 0.962087
vt 0.754753 0.951851
vt 0.929629 0.557925
vt 0.931754 0.561993
vt 0.613371 0.444590
vt 0.646156 0.500473
vt 0.631947 0.502243
vt 0.617930 0.503050
vt 0.603060 0.500412
vt 0.588381 0.496810
vt 0.508564 0.443040
vt 0.532770 0.495628
vt 0.517587 0.500726
vt 0.503131 0.501426
vt 0.489128 0.500409
vt 0.474947 0.498426
vt 0.673142 0.939108
vt 0.672749 0.931958
vt 0.921885 0.773180
vt 0.671425 0.934927
vt 0.686219 0.935875
vt 0.685827 0.935186
vt 0.686309 0.938740
vt 0.685916 0.932321
vt 0.699295 0.938508
vt 0.698902 0.932548
vt 0.699205 0.935643
vt 0.698813 0.935413
vt 0.713487 0.935868
vt 0.712439 0.932543
vt 0.713578 0.938733
vt 0.712350 0.935408
vt 0.727963 0.939085
vt 0.727826 0.931968
vt 0.730431 0.935874
vt 0.931456 0.552575
vt 0.946156 0.555399
vt 0.930647 0.556200
vt 0.946109 0.552534
vt 0.929009 0.329359
vt 0.960675 0.555356
vt 0.946056 0.332228
vt 0.931407 0.332196
vt 0.960587 0.552492
vt 0.976368 0.552538
vt 0.946099 0.329363
vt 0.960539 0.332253
vt 0.976495 0.555400
vt 0.960616 0.329388
vt 0.975578 0.332269
vt 0.992237 0.552588
vt 0.975706 0.329408
vt 0.992428 0.332189
vt 0.994567 0.556671
vt 0.813344 0.966246
vt 0.907934 0.976226
vt 0.901964 0.750244
vt 0.926774 0.771408
vt 0.801175 0.975896
vt 0.929332 0.994629
vt 0.798696 0.970842
vt 0.929261 0.774246
vt 0.786009 0.977809
vt 0.785106 0.972731
vt 0.688411 0.942922
vt 0.769652 0.976388
vt 0.703195 0.940298
vt 0.753694 0.966253
vt 0.688345 0.940056
vt 0.751884 0.970991
vt 0.729567 0.576766
vt 0.673458 0.939679
vt 0.698796 0.501659
vt 0.729595 0.356458
vt 0.794385 0.356466
vt 0.794356 0.576774
vt 0.715125 0.946700
vt 0.731004 0.943224
vt 0.855739 0.999022
vt 0.715190 0.943834
vt 0.852866 0.775876
vt 0.855758 0.773039
vt 0.975934 0.771455
vt 0.995599 0.770200
vt 0.975829 0.774318
vt 0.817923 0.985830
vt 0.960068 0.774302
vt 0.976559 0.994583
vt 0.800698 0.992533
vt 0.960121 0.771435
vt 0.786512 0.992315
vt 0.772922 0.990429
vt 0.944799 0.771410
vt 0.758272 0.985836
vt 0.928275 0.770605
vt 0.663092 0.927139
vt 0.595915 0.948968
vt 0.611799 0.826490
vt 0.578235 0.837394
vt 0.640352 0.805748
vt 0.525280 0.948969
vt 0.560595 0.725983
vt 0.720236 0.885621
vt 0.542944 0.837392
vt 0.661097 0.777198
vt 0.458103 0.927142
vt 0.509381 0.826485
vt 0.761754 0.828476
vt 0.672004 0.743635
vt 0.480831 0.805740
vt 0.672006 0.708344
vt 0.400958 0.885624
vt 0.460089 0.777187
vt 0.783580 0.761298
vt 0.661102 0.674779
vt 0.359439 0.828480
vt 0.449185 0.743623
vt 0.783580 0.690664
vt 0.640360 0.646227
vt 0.337611 0.761303
vt 0.449187 0.708332
vt 0.761752 0.623487
vt 0.611810 0.625482
vt 0.337610 0.690668
vt 0.460094 0.674769
vt 0.720233 0.566342
vt 0.578247 0.614575
vt 0.359437 0.623490
vt 0.480839 0.646219
vt 0.663088 0.524825
vt 0.542956 0.614573
vt 0.400954 0.566345
vt 0.509391 0.625476
vt 0.595910 0.502998
vt 0.458099 0.524827
vt 0.525276 0.502999
vt 0.513498 0.057398
vt 0.497150 0.049758
vt 0.523442 0.035653
vt 0.501877 0.082975
vt 0.493035 0.021584
vt 0.540946 0.077661
vt 0.522962 0.080088
vt 0.483589 0.061624
vt 0.530142 0.020998
vt 0.545789 0.072235
vt 0.519955 0.104468
vt 0.480821 0.085956
vt 0.467931 0.043605
vt 0.490206 0.002632
vt 0.535291 0.122659
vt 0.538394 0.131146
vt 0.506435 0.116263
vt 0.490231 0.108569
vt 0.555224 0.070529
vt 0.510315 0.144524
vt 0.462905 0.088541
vt 0.457280 0.031562
vt 0.536407 0.022733
vt 0.555225 0.154704
vt 0.480284 0.130214
vt 0.512823 0.163497
vt 0.473479 0.144721
vt 0.450767 0.090319
vt 0.522106 0.190480
vt 0.447276 0.091620
vt 0.470606 0.150176
vt 0.451415 0.027152
vt 0.482742 0.001479
vt -0.000794 0.400178
vt 0.039029 0.414015
vt 0.034496 0.452377
vt 0.034014 0.370788
vt 0.052474 0.445206
vt 0.066060 0.396395
vt 0.067944 0.419718
vt 0.094311 0.483809
vt 0.116152 0.370792
vt 0.075415 0.437264
vt 0.099583 0.468180
vt 0.112707 0.390904
vt 0.081510 0.407617
vt 0.101281 0.427259
vt 0.144118 0.482107
vt 0.159628 0.395701
vt 0.097304 0.448621
vt 0.134783 0.464366
vt 0.151271 0.406688
vt 0.106138 0.407191
vt 0.121129 0.446163
vt 0.163931 0.442055
vt 0.128096 0.417988
vt 0.133967 0.435035
vt 0.176882 0.454059
vt 0.234219 0.595627
vt 0.233829 0.578830
vt 0.254118 0.599511
vt 0.210766 0.591211
vt 0.253447 0.568267
vt 0.229315 0.625674
vt 0.220873 0.609781
vt 0.219863 0.569319
vt 0.267600 0.602143
vt 0.235145 0.628957
vt 0.201736 0.613151
vt 0.200500 0.572777
vt 0.227593 0.550618
vt 0.266740 0.561079
vt 0.194097 0.631792
vt 0.188923 0.636984
vt 0.187828 0.603903
vt 0.187213 0.587185
vt 0.187034 0.642293
vt 0.168535 0.614900
vt 0.191698 0.557059
vt 0.232800 0.537889
vt 0.237257 0.633639
vt 0.155593 0.622427
vt 0.167087 0.583933
vt 0.150387 0.625561
vt 0.153383 0.581790
vt 0.185696 0.546357
vt 0.147794 0.581229
vt 0.038232 0.059826
vt 0.018922 0.098084
vt 0.012412 0.096251
vt 0.019646 0.146847
vt 0.932179 0.240749
vt 0.891359 0.244408
vt 0.927704 0.225619
vt 0.896795 0.228596
vt 0.873322 0.205588
vt 0.921353 0.202173
vt 0.858642 0.214881
vt 0.892679 0.194117
vt 0.904807 0.204750
vt 0.889403 0.174749
vt 0.911218 0.179697
vt 0.869804 0.177184
vt 0.932183 0.184818
vt 0.899690 0.157968
vt 0.930867 0.164782
vt 0.889707 0.138315
vt 0.916550 0.154851
vt 0.921108 0.131342
vt 0.642979 0.078026
vt 0.643675 0.061303
vt 0.662602 0.083208
vt 0.619838 0.072194
vt 0.663949 0.052070
vt 0.636270 0.107524
vt 0.628770 0.091259
vt 0.630358 0.050949
vt 0.675886 0.086770
vt 0.641894 0.111118
vt 0.609483 0.093534
vt 0.610852 0.053178
vt 0.639278 0.032811
vt 0.677691 0.045790
vt 0.600872 0.111683
vt 0.595457 0.116583
vt 0.596136 0.083533
vt 0.596667 0.066760
vt 0.643977 0.115842
vt 0.593347 0.121783
vt 0.576081 0.093447
vt 0.603163 0.036925
vt 0.645282 0.020462
vt 0.562580 0.100265
vt 0.576904 0.062226
vt 0.557528 0.103454
vt 0.563468 0.059084
vt 0.592537 0.016710
vt 0.649130 0.002219
vt 0.593053 0.002218
vt 0.682059 0.042481
vt 0.557183 0.055847
vt 0.776617 0.103377
vt 0.732768 0.113894
vt 0.764668 0.091426
vt 0.734566 0.131129
vt 0.731542 0.089229
vt 0.698909 0.113925
vt 0.712647 0.082639
vt 0.747131 0.082887
vt 0.691388 0.129860
vt 0.726859 0.066097
vt 0.750833 0.066485
vt 0.681295 0.060225
vt 0.702541 0.065953
vt 0.771552 0.060537
vt 0.707104 0.049782
vt 0.740581 0.049470
vt 0.722419 0.042328
vt 0.752416 0.035170
vt 0.690022 0.028332
vt 0.719219 0.020349
vt 0.786704 0.056053
vt 0.763029 0.021081
vt 0.681302 0.010655
vt 0.719313 0.001671
vt 0.295903 0.277480
vt 0.284052 0.288446
vt 0.279692 0.262487
vt 0.314989 0.295057
vt 0.257778 0.282930
vt 0.322383 0.261397
vt 0.318966 0.276885
vt 0.290370 0.303284
vt 0.268775 0.252388
vt 0.319066 0.255707
vt 0.339658 0.287046
vt 0.311094 0.313231
vt 0.269516 0.310404
vt 0.240095 0.279279
vt 0.360547 0.280236
vt 0.369021 0.280355
vt 0.345929 0.301831
vt 0.334079 0.312666
vt 0.320464 0.247433
vt 0.372204 0.307565
vt 0.307815 0.328713
vt 0.255521 0.315316
vt 0.272285 0.247740
vt 0.395133 0.274023
vt 0.350203 0.327628
vt 0.389805 0.311501
vt 0.360965 0.337770
vt 0.305611 0.339213
vt 0.416617 0.312409
vt 0.305678 0.342505
vt 0.364877 0.341853
vt 0.249786 0.318733
vt 0.237127 0.285103
vt 0.126758 0.244323
vt 0.094393 0.266998
vt 0.069873 0.244320
vt 0.127821 0.285060
vt 0.064813 0.261241
vt 0.091639 0.296014
vt 0.073860 0.285673
vt 0.013951 0.271560
vt 0.082449 0.346298
vt 0.057100 0.282288
vt 0.021029 0.284371
vt 0.069834 0.333621
vt 0.074933 0.301737
vt 0.049364 0.306670
vt 0.041289 0.366816
vt 0.036255 0.292843
vt 0.037882 0.355039
vt 0.061518 0.320276
vt 0.024205 0.312483
vt 0.002084 0.313864
vt -0.001120 0.365681
vt 0.041703 0.331584
vt 0.025809 0.327931
vt 0.006567 0.348716
vt 0.240420 0.517758
vt 0.251903 0.512513
vt 0.251202 0.532727
vt 0.227636 0.500273
vt 0.272624 0.522882
vt 0.216149 0.523529
vt 0.221506 0.512797
vt 0.249149 0.500077
vt 0.258499 0.543045
vt 0.217501 0.529229
vt 0.206098 0.500756
vt 0.233655 0.487747
vt 0.267556 0.499809
vt 0.286834 0.529866
vt 0.187911 0.501380
vt 0.180423 0.500151
vt 0.202930 0.488588
vt 0.214339 0.483141
vt 0.175010 0.501364
vt 0.181658 0.479112
vt 0.238850 0.476929
vt 0.280190 0.499387
vt 0.215222 0.533047
vt 0.167052 0.472994
vt 0.202801 0.468563
vt 0.160820 0.471450
vt 0.195035 0.458363
vt 0.244523 0.462731
vt 0.295199 0.495494
vt 0.254678 0.457832
vt 0.292880 0.531070
vt 0.221737 0.956938
vt 0.209443 0.977104
vt 0.206117 0.949014
vt 0.199760 0.959887
vt 0.203861 0.929129
vt 0.187879 0.955778
vt 0.190191 0.933925
vt 0.218875 0.924356
vt 0.182400 0.976915
vt 0.203526 0.891535
vt 0.193866 0.912046
vt 0.176565 0.939238
vt 0.214258 0.994552
vt 0.180255 0.908043
vt 0.159442 0.955213
vt 0.179029 0.994559
vt 0.172973 0.920050
vt 0.179596 0.879231
vt 0.160403 0.903081
vt 0.084090 0.528044
vt 0.079144 0.544148
vt 0.066316 0.518246
vt 0.104973 0.539422
vt 0.057214 0.548268
vt 0.098345 0.501039
vt 0.101363 0.518733
vt 0.089396 0.557460
vt 0.054248 0.511608
vt 0.093802 0.496085
vt 0.120746 0.521624
vt 0.108736 0.560062
vt 0.076312 0.572976
vt 0.042363 0.551112
vt 0.134092 0.506522
vt 0.140731 0.503288
vt 0.130908 0.534848
vt 0.125891 0.550761
vt 0.091944 0.486660
vt 0.152951 0.530979
vt 0.112031 0.577623
vt 0.067568 0.583619
vt 0.054946 0.504631
vt 0.158296 0.486648
vt 0.143583 0.560503
vt 0.167830 0.528470
vt 0.155497 0.567230
vt 0.114335 0.589577
vt 0.188570 0.519294
vt 0.115663 0.593342
vt 0.160298 0.570162
vt 0.064501 0.589627
vt 0.039336 0.560252
vt 0.466113 0.141450
vt 0.440539 0.164614
vt 0.410861 0.141441
vt 0.480500 0.179752
vt 0.409448 0.159980
vt 0.447241 0.191391
vt 0.425645 0.184060
vt 0.363864 0.165808
vt 0.444789 0.255331
vt 0.407503 0.181155
vt 0.373330 0.180909
vt 0.406961 0.205463
vt 0.431128 0.201485
vt 0.390049 0.190993
vt 0.421858 0.221142
vt 0.382931 0.208907
vt 0.360671 0.208847
vt 0.403349 0.229528
vt 0.387187 0.224078
vt 0.402575 0.253034
vt 0.431350 0.238753
vt 0.370944 0.243328
vt 0.407459 0.266103
vt 0.362679 0.261727
vt 0.314318 0.206776
vt 0.324882 0.193573
vt 0.327091 0.222477
vt 0.299338 0.188353
vt 0.346711 0.197956
vt 0.290958 0.226679
vt 0.294876 0.209118
vt 0.320325 0.177301
vt 0.335778 0.233140
vt 0.293424 0.232907
vt 0.278169 0.199361
vt 0.303346 0.167542
vt 0.338206 0.167831
vt 0.361536 0.200883
vt 0.259647 0.208415
vt 0.250422 0.217965
vt 0.274020 0.183122
vt 0.284063 0.169964
vt 0.291564 0.242320
vt 0.252972 0.178954
vt 0.306628 0.149834
vt 0.350321 0.161335
vt 0.250505 0.178082
vt 0.332612 0.239827
vt 0.227904 0.226851
vt 0.270660 0.154495
vt 0.367789 0.190654
vt 0.227916 0.179004
vt 0.308858 0.137790
vt 0.359064 0.152490
vt 0.254831 0.133663
vt 0.261732 0.144094
vt 0.308901 0.123479
vt 0.610687 0.129599
vt 0.596171 0.130358
vt 0.561560 0.115768
vt 0.609358 0.161202
vt 0.563827 0.129392
vt 0.627495 0.162127
vt 0.580651 0.151523
vt 0.607194 0.190057
vt 0.588741 0.166555
vt 0.559774 0.154972
vt 0.626093 0.205788
vt 0.586024 0.185758
vt 0.564496 0.178046
vt 0.578146 0.223156
vt 0.545458 0.168873
vt 0.586661 0.246190
vt 0.570279 0.200457
vt 0.530338 0.188275
vt 0.536578 0.250534
vt 0.539156 0.214026
vt 0.543838 0.198615
vt 0.495334 0.232569
vt 0.510046 0.203476
vt 0.210679 0.252938
vt 0.239538 0.232175
vt 0.244054 0.252948
vt 0.565151 0.283182
vt 0.557886 0.294802
vt 0.549077 0.274049
vt 0.583977 0.293840
vt 0.535630 0.295715
vt 0.583215 0.264166
vt 0.583501 0.277813
vt 0.565987 0.305851
vt 0.538096 0.267747
vt 0.579351 0.259579
vt 0.602064 0.281790
vt 0.584703 0.309854
vt 0.550670 0.316161
vt 0.520464 0.296443
vt 0.617981 0.271635
vt 0.624782 0.262750
vt 0.609841 0.292944
vt 0.602953 0.304459
vt 0.578961 0.251926
vt 0.630936 0.292002
vt 0.585414 0.323538
vt 0.540285 0.323355
vt 0.633828 0.292136
vt 0.539536 0.259689
vt 0.644693 0.251937
vt 0.619498 0.313285
vt 0.516300 0.306074
vt 0.655699 0.287277
vt 0.585917 0.333022
vt 0.533689 0.331765
vt 0.639668 0.325942
vt 0.630526 0.319361
vt 0.589061 0.343798
vt 0.351704 0.423792
vt 0.339697 0.433254
vt 0.327821 0.405368
vt 0.352670 0.458282
vt 0.319196 0.414493
vt 0.371367 0.460709
vt 0.334570 0.467224
vt 0.316964 0.440903
vt 0.350240 0.501463
vt 0.327688 0.449439
vt 0.297468 0.431049
vt 0.329875 0.489183
vt 0.316196 0.471899
vt 0.327828 0.521702
vt 0.302980 0.454623
vt 0.355143 0.546680
vt 0.310165 0.498817
vt 0.300109 0.473943
vt 0.324669 0.562652
vt 0.304068 0.509940
vt 0.307968 0.534314
vt 0.115452 0.173397
vt 0.117857 0.152346
vt 0.134844 0.185599
vt 0.092711 0.159055
vt 0.139359 0.146526
vt 0.105142 0.208824
vt 0.099529 0.185992
vt 0.105252 0.135350
vt 0.148041 0.193848
vt 0.110475 0.214755
vt 0.079791 0.182801
vt 0.085184 0.132398
vt 0.115917 0.115086
vt 0.153970 0.142539
vt 0.068147 0.202896
vt 0.064987 0.218861
vt 0.067742 0.165682
vt 0.069555 0.145040
vt 0.113624 0.226709
vt 0.046861 0.171391
vt 0.078644 0.109831
vt 0.123138 0.101316
vt 0.044029 0.171615
vt 0.148418 0.201884
vt 0.049800 0.240805
vt 0.049585 0.133496
vt 0.154531 0.127601
vt 0.024652 0.184197
vt 0.074218 0.094548
vt 0.126145 0.086524
vt 0.024656 0.116896
vt 0.036238 0.125704
vt 0.066670 0.077695
vt 0.396171 0.002086
vt 0.378350 0.007774
vt 0.324494 0.006824
vt 0.411634 0.037477
vt 0.337108 0.018506
vt 0.434510 0.036087
vt 0.372814 0.032554
vt 0.316104 0.044516
vt 0.417922 0.069257
vt 0.389136 0.046736
vt 0.352122 0.041753
vt 0.290586 0.039720
vt 0.339291 0.054836
vt 0.445892 0.085495
vt 0.392520 0.066918
vt 0.365540 0.061293
vt 0.301481 0.078332
vt 0.328688 0.067512
vt 0.389276 0.107553
vt 0.280671 0.105967
vt 0.402896 0.131861
vt 0.377438 0.082797
vt 0.339143 0.094213
vt 0.344149 0.080017
vt 0.335973 0.131866
vt 0.259644 0.416747
vt 0.270972 0.402638
vt 0.273287 0.433595
vt 0.243665 0.397016
vt 0.294338 0.407351
vt 0.234587 0.437999
vt 0.238835 0.419211
vt 0.266122 0.385224
vt 0.282612 0.445092
vt 0.237168 0.444851
vt 0.220993 0.408750
vt 0.247975 0.374761
vt 0.285273 0.375093
vt 0.310278 0.410496
vt 0.201107 0.418391
vt 0.191142 0.428641
vt 0.216628 0.391384
vt 0.227358 0.377328
vt 0.235086 0.455059
vt 0.194178 0.386910
vt 0.251497 0.355798
vt 0.298297 0.368092
vt 0.191187 0.385899
vt 0.279100 0.453148
vt 0.166957 0.438125
vt 0.212997 0.360758
vt 0.317642 0.399337
vt 0.166951 0.386836
vt 0.253900 0.342827
vt 0.307724 0.358526
vt 0.195986 0.338264
vt 0.203428 0.349547
vt 0.253967 0.327409
vt 0.285623 0.046181
vt 0.276887 0.034521
vt 0.275287 0.000247
vt 0.260982 0.061808
vt 0.260129 0.006247
vt 0.278838 0.070715
vt 0.245138 0.037563
vt 0.248978 0.083844
vt 0.238561 0.055929
vt 0.228379 0.024770
vt 0.268217 0.100674
vt 0.224026 0.073701
vt 0.206625 0.051594
vt 0.219902 0.113649
vt 0.209884 0.023842
vt 0.243778 0.130090
vt 0.201888 0.089794
vt 0.170683 0.186950
vt 0.226762 0.158401
vt 0.185989 0.149688
vt 0.175910 0.067553
vt 0.223152 0.191158
vt 0.196560 0.188058
vt 0.441352 0.310357
vt 0.450369 0.321392
vt 0.426814 0.322267
vt 0.458429 0.296440
vt 0.443558 0.342613
vt 0.428603 0.286608
vt 0.442350 0.291115
vt 0.464106 0.317815
vt 0.416868 0.330329
vt 0.423049 0.288966
vt 0.452956 0.274974
vt 0.474519 0.301757
vt 0.468999 0.335972
vt 0.438980 0.357004
vt 0.448356 0.256656
vt 0.466739 0.271531
vt 0.475608 0.282632
vt 0.474000 0.250381
vt 0.488234 0.306261
vt 0.472456 0.348276
vt 0.449402 0.249364
vt 0.490222 0.270964
vt 0.479106 0.236137
vt 0.500239 0.263158
vt 0.505963 0.310939
vt 0.448054 0.244238
vt 0.480554 0.362616
vt 0.504617 0.260124
vt 0.514098 0.320223
vt 0.438283 0.362611
vt 0.481576 0.230684
vt 0.932773 0.025998
vt 0.958395 0.021356
vt 0.941903 0.042748
vt 0.963748 0.005493
vt 0.955706 0.039833
vt 0.930470 0.058305
vt 0.929691 0.011356
vt 0.984220 0.039534
vt 0.964358 0.051012
vt 0.946715 0.064596
vt 0.928194 0.077174
vt 0.963210 0.070579
vt 0.937264 0.089156
vt 0.990879 0.070618
vt 0.952179 0.086406
vt 0.953830 0.107464
vt 0.928202 0.115248
vt 0.928514 0.134936
vt 0.961408 0.123778
vt 0.879801 0.977593
vt 0.879769 0.768085
vt 0.885763 0.977592
vt 0.999416 0.768918
vt 0.796837 0.517989
vt 0.861626 0.517985
vt 0.796849 0.722236
vt 0.861638 0.722232
vt 0.673226 0.927348
vt 0.673046 0.928280
vt 0.889539 0.776585
vt 0.670642 0.931363
vt 0.689284 0.924016
vt 0.688211 0.931353
vt 0.689229 0.926679
vt 0.688155 0.928690
vt 0.703255 0.928953
vt 0.703311 0.931615
vt 0.927990 0.559361
vt 0.948450 0.562039
vt 0.927935 0.768972
vt 0.949272 0.766239
vt 0.948355 0.559378
vt 0.864225 0.779350
vt 0.965349 0.766248
vt 0.965097 0.559415
vt 0.864204 0.988858
vt 0.965154 0.562077
vt 0.899979 0.760691
vt 0.900017 0.986673
vt 0.894018 0.760692
vt 0.894055 0.986674
vt 0.922169 0.511721
vt 0.857380 0.511730
vt 0.922138 0.291413
vt 0.857349 0.291422
vt 0.913637 0.763482
vt 0.916519 0.986627
vt 0.916527 0.760645
vt 0.995986 0.555430
vt 0.994979 0.328245
vt 0.960138 0.994538
vt 0.944779 0.774276
vt 0.960203 0.997404
vt 0.944855 0.994585
vt 0.976663 0.997448
vt 0.944879 0.997451
vt 0.995190 0.998803
vt 0.928351 0.998271
vt 0.687284 0.943603
vt 0.701003 0.943840
vt 0.565677 0.425100
vt 0.700938 0.946706
vt 0.585929 0.478111
vt 0.716979 0.942927
vt 0.730878 0.939681
vt 0.732329 0.942650
vt 0.716913 0.940060
vt 0.703260 0.943164
vt 0.671035 0.942926
vt 0.317442 0.707155
vt 0.317431 0.777736
vt 0.302752 0.707153
vt 0.302740 0.777734
vt 0.317420 0.848317
vt 0.302729 0.848314
vt 0.317408 0.918898
vt 0.302718 0.918895
vt 0.317397 0.989479
vt 0.302707 0.989476
vt 0.282159 0.984839
vt 0.282172 0.914258
vt 0.296850 0.984842
vt 0.296862 0.914261
vt 0.282184 0.843677
vt 0.296875 0.843680
vt 0.282197 0.773096
vt 0.296887 0.773099
vt 0.282209 0.702515
vt 0.296900 0.702518
vt 0.788154 0.002198
vt 0.794237 0.005247
vt 0.788167 0.055259
vt 0.885029 0.105921
vt 0.885015 0.170469
vt 0.852650 0.116829
vt 0.853074 0.162894
vt 0.097740 0.839195
vt 0.092628 0.790933
vt 0.119094 0.832649
vt 0.114208 0.787941
vt 0.097699 0.707236
vt 0.119101 0.709078
vt 0.207159 0.209312
vt 0.200611 0.249357
vt 0.200400 0.206502
vt 0.187274 0.236350
vt 0.154482 0.235083
vt 0.186693 0.191705
vt 0.154999 0.191705
vt 0.838180 0.244608
vt 0.863084 0.245505
vt 0.837034 0.284525
vt 0.873763 0.282535
vt 0.881740 0.244604
vt 0.202033 0.196482
vt 0.195672 0.236558
vt 0.195260 0.193705
vt 0.948068 0.298440
vt 0.916787 0.291797
vt 0.948080 0.242722
vt 0.915908 0.249192
vt 0.120346 0.753438
vt 0.145175 0.755555
vt 0.117244 0.793251
vt 0.129895 0.703227
vt 0.154027 0.793063
vt 0.153998 0.709166
vt 0.190920 0.322537
vt 0.152210 0.326731
vt 0.194179 0.317407
vt 0.148848 0.321386
vt 0.240699 0.326758
vt 0.192117 0.293031
vt 0.149971 0.296686
vt 0.236227 0.290333
vt 0.241541 0.308656
vt 0.722380 0.194884
vt 0.746391 0.199564
vt 0.720157 0.253917
vt 0.748577 0.143333
vt 0.748596 0.260763
vt 0.729936 0.136197
vt 0.561702 0.003164
vt 0.561713 0.043518
vt 0.551477 0.031404
vt 0.553482 0.008867
vt 0.546373 0.038708
vt 0.546337 0.004597
vt 0.146499 0.379000
vt 0.130995 0.344304
vt 0.177842 0.361987
vt 0.091672 0.352570
vt 0.162325 0.328321
vt 0.091959 0.335476
vt 0.122792 0.328323
vt 0.051461 0.464378
vt 0.048290 0.493223
vt 0.019297 0.458974
vt 0.016215 0.501917
vt 0.051472 0.512466
vt 0.025912 0.521279
vt 0.359660 0.381202
vt 0.319279 0.385194
vt 0.362902 0.374649
vt 0.314909 0.378796
vt 0.401264 0.385164
vt 0.358979 0.343274
vt 0.397335 0.345551
vt 0.403692 0.369547
vt 0.005812 0.580442
vt 0.037317 0.583119
vt 0.005800 0.630433
vt 0.035338 0.528330
vt 0.043145 0.634620
vt 0.010609 0.522941
vt 0.442225 0.093724
vt 0.442231 0.134423
vt 0.429379 0.122418
vt 0.005041 0.107841
vt 0.002442 0.107424
vt 0.008566 0.076984
vt 0.008558 0.138698
vt 0.141673 0.289895
vt 0.137697 0.249512
vt 0.148225 0.293139
vt 0.143442 0.239133
vt 0.137695 0.331497
vt 0.179595 0.289180
vt 0.175130 0.238499
vt 0.076364 0.646568
vt 0.051115 0.644813
vt 0.076377 0.593563
vt 0.044795 0.595096
vt 0.135298 0.239442
vt 0.132559 0.264542
vt 0.132556 0.238486
vt 0.360066 0.505812
vt 0.400800 0.518029
vt 0.353460 0.535806
vt 0.419949 0.480990
vt 0.387534 0.545397
vt 0.386120 0.456310
vt 0.056781 0.060037
vt 0.067443 0.035767
vt 0.070095 0.049487
vt 0.089325 0.060029
vt 0.054248 0.069746
vt 0.051397 0.069420
vt 0.054193 0.030916
vt 0.226994 0.866814
vt 0.228572 0.816104
vt 0.233588 0.871798
vt 0.236247 0.803489
vt 0.215553 0.907562
vt 0.267993 0.870675
vt 0.270514 0.806540
vt 0.260391 0.910020
vt 0.233594 0.914527
vt 0.270511 0.970524
vt 0.244606 0.978637
vt 0.993753 0.192805
vt 0.959331 0.192455
vt 0.991841 0.135912
vt 0.960456 0.256400
vt 0.950958 0.134660
vt 0.987625 0.260244
vt 0.951003 0.313952
vt 0.977008 0.321736
vt 0.162202 0.155178
vt 0.159047 0.154733
vt 0.165528 0.122112
vt 0.165520 0.188245
vt 0.003775 0.055321
vt 0.000015 0.012063
vt 0.011693 0.058790
vt 0.007170 0.000950
vt 0.000000 0.099882
vt 0.050048 0.054528
vt 0.045826 0.000249
vt 0.096624 0.996953
vt 0.065863 0.995076
vt 0.096633 0.940233
vt 0.058077 0.941875
vt 0.183077 0.007204
vt 0.183082 0.046803
vt 0.169746 0.034011
vt 0.152979 0.041262
vt 0.160217 0.081499
vt 0.167537 0.081419
vt 0.150342 0.114400
vt 0.150339 0.048598
vt 0.156848 0.117031
vt 0.187088 0.126096
vt 0.196963 0.093194
vt 0.142025 0.990606
vt 0.104951 0.993441
vt 0.139606 0.959130
vt 0.104959 0.956658
vt 0.980991 0.766266
vt 0.980788 0.562017
vt 0.965308 0.768911
vt 0.731605 0.928272
vt 0.732052 0.927351
vt 0.911556 0.975697
vt 0.733557 0.924578
vt 0.717349 0.931352
vt 0.717795 0.924273
vt 0.717293 0.928689
vt 0.717740 0.926936
vt 0.703701 0.926675
vt 0.703757 0.924012
vt 0.770757 0.963435
vt 0.757067 0.958955
vt 0.782417 0.970226
vt 0.930595 0.328572
vt 0.783614 0.965275
vt 0.797150 0.965489
vt 0.797457 0.970464
vt 0.814045 0.958956
vt 0.815463 0.963575
vt 0.798705 0.977297
vt 0.812394 0.972816
vt 0.801406 0.982224
vt 0.816164 0.977435
vt 0.787045 0.984089
vt 0.785847 0.979138
vt 0.771633 0.977728
vt 0.771327 0.982703
vt 0.755416 0.972822
vt 0.753999 0.977441
vt 0.871039 0.762385
vt 0.866208 0.762385
vt 0.850396 0.508671
vt 0.377755 0.949304
vt 0.364615 0.950222
vt 0.351627 0.950211
vt 0.337759 0.946787
vt 0.324043 0.942435
vt 0.796260 0.288360
vt 0.850410 0.288363
vt 0.759508 0.849663
vt 0.787187 0.896203
vt 0.773868 0.903928
vt 0.760746 0.907256
vt 0.747855 0.908838
vt 0.734700 0.909515
vt 0.178812 0.271095
vt 0.197884 0.238364
vt 0.197884 0.273996
vt 0.790914 0.931774
vt 0.790907 0.727526
vt 0.848805 0.931772
vt 0.848798 0.727524
vt 0.048580 0.000253
vt 0.075777 0.000249
vt 0.061333 0.009233
vt 0.929059 0.555414
vt 0.168030 0.049501
vt 0.192616 0.009387
vt 0.298097 0.491760
vt 0.297475 0.491149
vt 0.532818 0.185635
vt 0.533062 0.181384
vt 0.150557 0.836669
vt 0.456504 0.237212
vt 0.785610 0.997393
vt 0.801371 0.997635
vt 0.819734 0.990567
vt 0.877133 0.984796
vt 0.877095 0.758815
vt 0.796247 0.508668
vt 0.345894 0.892890
vt 0.923494 0.996324
vt 0.921907 0.999161
vt 0.923472 0.776017
vt 0.671817 0.936139
vt 0.752774 0.956635
vt 0.997742 0.558468
vt 0.802898 0.961595
vt 0.996182 0.329354
vt 0.753297 0.963574
vt 0.768056 0.968362
vt 0.885731 0.768084
vt 0.999214 0.559325
vt 0.859047 0.779349
vt 0.859027 0.988857
vt 0.852848 0.996184
vt 0.733604 0.946330
vt 0.542925 0.481148
vt 0.556558 0.482699
vt 0.570744 0.482569
vt 0.529183 0.478634
vt 0.918768 0.766209
vt 0.920463 0.763372
vt 0.754654 0.990574
vt 0.770443 0.995484
vt 0.901973 0.976226
vt 0.926847 0.997468
vt 0.801346 0.990981
vt 0.819865 0.983826
vt 0.892431 0.779215
vt 0.670640 0.924416
vt 0.909817 0.768819
vt 0.911558 0.766188
vt 0.892446 0.983462
vt 0.889554 0.986093
vt 0.909815 0.973067
vt 0.733111 0.931044
vt 0.913629 0.983790
vt 0.730461 0.935043
vt 0.770325 0.971285
vt 0.753503 0.983892
vt 0.769746 0.988836
vt 0.670482 0.499811
vt 0.685098 0.502445
vt 0.656030 0.496221
vt 0.866214 0.988367
vt 0.871045 0.988367
vt 0.679216 0.444426
vt 0.712657 0.499917
vt 0.907926 0.750244
vt 0.816964 0.970983
vn -0.353176 -0.800044 0.484971
vn -0.353176 -0.800044 0.484971
vn -0.353176 -0.800044 0.484971
vn -0.353176 -0.800044 0.484971
vn -0.690251 0.204861 -0.693964
vn -0.538889 0.376062 -0.753775
vn -0.683124 0.189147 -0.705383
vn -0.537110 0.373838 -0.756147
vn 0.868769 0.426238 0.252113
vn 0.868769 0.426238 0.252113
vn 0.868770 0.426236 0.252116
vn 0.868770 0.426236 0.252116
vn -0.480063 0.599903 0.640044
vn -0.480063 0.599903 0.640044
vn -0.480064 0.599904 0.640042
vn -0.480064 0.599905 0.640041
vn 0.480064 -0.599903 -0.640043
vn 0.480062 -0.599904 -0.640044
vn 0.480064 -0.599903 -0.640043
vn 0.480062 -0.599904 -0.640044
vn 0.865488 0.442897 0.234036
vn 0.865488 0.442897 0.234036
vn 0.865488 0.442897 0.234036
vn 0.865488 0.442897 0.234036
vn 0.480063 -0.599904 -0.640043
vn 0.480063 -0.599903 -0.640043
vn 0.480063 -0.599903 -0.640043
vn -0.376592 -0.799898 0.467271
vn -0.376592 -0.799898 0.467271
vn -0.376592 -0.799898 0.467271
vn -0.376592 -0.799898 0.467271
vn -0.480063 0.599904 0.640043
vn -0.480063 0.599904 0.640043
vn -0.480063 0.599904 0.640043
vn -0.480064 0.599904 0.640042
vn -0.480064 0.599906 0.640041
vn -0.480064 0.599905 0.640041
vn -0.480064 0.599906 0.640040
vn -0.329355 0.547927 -0.768961
vn -0.064078 0.710590 -0.700683
vn -0.330433 0.550221 -0.766858
vn -0.109801 0.670831 -0.733436
vn 0.480063 -0.599903 -0.640043
vn 0.480063 -0.599903 -0.640043
vn 0.480063 -0.599904 -0.640043
vn 0.480063 -0.599904 -0.640043
vn 0.480063 -0.599904 -0.640043
vn 0.480063 -0.599904 -0.640043
vn -0.480063 0.599904 0.640043
vn -0.480064 0.599903 0.640043
vn -0.480064 0.599903 0.640043
vn -0.480064 0.599903 0.640043
vn -0.434675 0.469242 -0.768681
vn -0.473314 0.435302 -0.765823
vn 0.480063 -0.599904 -0.640043
vn 0.480063 -0.599903 -0.640043
vn 0.480063 -0.599904 -0.640043
vn -0.480064 0.599903 0.640043
vn 0.846376 0.184707 0.499532
vn 0.869566 0.156863 0.468240
vn 0.809142 0.157711 0.566054
vn 0.874856 0.078272 0.478016
vn -0.833776 -0.538829 -0.120335
vn -0.833776 -0.538831 -0.120331
vn -0.269862 -0.815662 0.511732
vn -0.300243 -0.776397 0.554132
vn -0.260376 -0.820631 0.508693
vn -0.299084 -0.767843 0.566538
vn 0.521257 0.781914 -0.341910
vn 0.521259 0.781913 -0.341908
vn 0.473756 -0.273001 0.837273
vn 0.498176 -0.290216 0.817065
vn -0.626041 0.476059 -0.617608
vn -0.794194 0.579456 -0.182994
vn 0.612670 -0.446590 0.652069
vn 0.603500 -0.421831 0.676644
vn -0.442818 0.247096 -0.861891
vn -0.206833 -0.154533 -0.966095
vn 0.248072 -0.473348 0.845223
vn 0.269492 -0.506117 0.819280
vn -0.407620 0.670205 -0.620218
vn -0.413848 0.905116 -0.097442
vn 0.382793 -0.637327 0.668793
vn 0.351825 -0.613926 0.706622
vn -0.213302 0.422639 -0.880840
vn 0.208766 0.035937 -0.977305
vn 0.406052 -0.340061 0.848222
vn 0.406854 -0.339305 0.848140
vn -0.539803 0.516799 -0.664479
vn 0.498378 -0.552266 0.668298
vn 0.500938 -0.550157 0.668123
vn -0.361364 0.380802 -0.851120
vn 0.951057 0.000000 -0.309016
vn 0.809017 0.000000 -0.587785
vn 0.951057 0.000000 -0.309016
vn 0.809017 0.000000 -0.587785
vn 0.587785 0.000000 -0.809017
vn 0.587785 0.000000 -0.809017
vn 0.309017 0.000000 -0.951057
vn 0.309017 0.000000 -0.951057
vn 0.000000 0.000000 -1.000000
vn -0.000000 0.000000 -1.000000
vn -0.309017 0.000000 -0.951057
vn -0.309017 0.000000 -0.951057
vn -0.587786 0.000000 -0.809017
vn -0.587786 0.000000 -0.809017
vn -0.809017 0.000000 -0.587785
vn -0.809017 0.000000 -0.587785
vn -0.951057 0.000000 -0.309017
vn -0.951057 0.000000 -0.309017
vn -1.000000 0.000000 0.000000
vn -1.000000 0.000000 0.000000
vn -0.951057 0.000000 0.309017
vn -0.951057 0.000000 0.309017
vn -0.809017 0.000000 0.587785
vn -0.809017 0.000000 0.587785
vn -0.587785 0.000000 0.809017
vn -0.587785 0.000000 0.809017
vn -0.309017 0.000000 0.951057
vn -0.309017 0.000000 0.951057
vn 0.000000 0.000000 1.000000
vn 0.000000 0.000000 1.000000
vn 0.309017 0.000000 0.951057
vn 0.309017 0.000000 0.951056
vn 0.587785 0.000000 0.809017
vn 0.587785 0.000000 0.809017
vn 0.809017 0.000000 0.587785
vn 0.809017 0.000000 0.587785
vn 0.951057 0.000000 0.309017
vn 0.951057 0.000000 0.309017
vn 1.000000 0.000000 0.000001
vn 1.000000 0.000000 0.000001
vn 0.055545 0.998284 -0.018567
vn 0.047089 0.998284 -0.034823
vn 0.048008 0.998712 -0.016449
vn 0.040575 0.998712 -0.030479
vn 0.034023 0.998284 -0.047670
vn 0.029171 0.998712 -0.041525
vn 0.017627 0.998284 -0.055851
vn 0.014911 0.998712 -0.048507
vn -0.000494 0.998284 -0.058564
vn -0.000809 0.998712 -0.050741
vn -0.018567 0.998284 -0.055545
vn -0.016449 0.998712 -0.048008
vn -0.034823 0.998284 -0.047089
vn -0.030479 0.998712 -0.040575
vn -0.047670 0.998284 -0.034023
vn -0.041525 0.998712 -0.029171
vn -0.055851 0.998284 -0.017627
vn -0.048507 0.998712 -0.014911
vn -0.058564 0.998284 0.000494
vn -0.050741 0.998712 0.000809
vn -0.055545 0.998284 0.018567
vn -0.048008 0.998712 0.016449
vn -0.047089 0.998284 0.034823
vn -0.040575 0.998712 0.030479
vn -0.034023 0.998284 0.047670
vn -0.029171 0.998712 0.041525
vn -0.017627 0.998284 0.055851
vn -0.014911 0.998712 0.048507
vn 0.000494 0.998284 0.058564
vn 0.000809 0.998712 0.050741
vn 0.018567 0.998284 0.055545
vn 0.016449 0.998712 0.048008
vn 0.034823 0.998284 0.047089
vn 0.030479 0.998712 0.040575
vn 0.047670 0.998284 0.034023
vn 0.041525 0.998712 0.029171
vn 0.055851 0.998284 0.017627
vn 0.048507 0.998712 0.014911
vn 0.058564 0.998284 -0.000494
vn 0.050741 0.998712 -0.000809
vn 0.000000 1.000000 -0.000000
vn 0.040550 -0.998558 0.035190
vn 0.038379 -0.999197 -0.011501
vn 0.091074 -0.992769 0.078206
vn 0.085764 -0.995872 -0.029725
vn 0.009007 -0.998821 -0.047702
vn 0.020239 -0.993742 -0.109848
vn -0.019688 -0.998324 -0.054425
vn -0.047763 -0.991144 -0.123908
vn -0.040550 -0.998558 -0.035190
vn -0.093115 -0.992945 -0.073415
vn -0.038379 -0.999197 0.011501
vn -0.083419 -0.995706 0.040141
vn -0.009007 -0.998821 0.047702
vn -0.018195 -0.985350 0.169569
vn 0.019688 -0.998324 0.054425
vn 0.060080 -0.978242 0.198576
vn 0.483364 -0.836600 0.257798
vn 0.616925 -0.777737 -0.120532
vn 0.056121 -0.968642 -0.242041
vn -0.126801 -0.936773 -0.326157
vn -0.225481 -0.959793 -0.167202
vn -0.097900 -0.994958 0.021762
vn 0.000623 -0.989587 0.143933
vn 0.138178 -0.954042 0.265916
vn 0.859321 0.089008 0.503632
vn 0.884120 0.231239 -0.406030
vn 0.196798 0.124062 -0.972563
vn -0.427328 0.064718 -0.901777
vn -0.797463 -0.008446 -0.603308
vn -0.891635 -0.397715 0.216356
vn -0.021176 -0.464926 0.885096
vn 0.410670 -0.172288 0.895359
vn 0.786922 0.398196 0.471374
vn 0.842608 0.380397 -0.381197
vn 0.113754 0.353838 -0.928364
vn -0.363440 0.321245 -0.874479
vn -0.713618 0.444651 -0.541327
vn -0.727994 0.662298 0.177164
vn 0.007094 0.634699 0.772727
vn 0.342940 0.492990 0.799596
vn 0.449038 0.822945 0.348032
vn 0.579903 0.799308 -0.157543
vn 0.136338 0.791611 -0.595620
vn -0.259865 0.811920 -0.522740
vn -0.421126 0.876590 -0.232901
vn -0.232048 0.962795 0.138488
vn 0.032329 0.910258 0.412777
vn 0.175032 0.762646 0.622684
vn 0.213329 0.925275 0.313620
vn 0.279710 0.956358 0.084511
vn -0.052500 0.986362 -0.155994
vn -0.286704 0.945654 -0.153424
vn -0.247846 0.968792 0.003664
vn -0.213146 0.949516 0.230190
vn -0.090807 0.877737 0.470458
vn 0.075010 0.840626 0.536397
vn 0.000000 -1.000000 0.000000
vn -0.123036 0.971442 0.202887
vn 0.064045 -0.997833 -0.015094
vn 0.024656 -0.998322 -0.052394
vn 0.144338 -0.988945 -0.033964
vn 0.051398 -0.991356 -0.120711
vn -0.029649 -0.998046 -0.055003
vn -0.070229 -0.989716 -0.124620
vn -0.063243 -0.997614 -0.027705
vn -0.145609 -0.987565 -0.059277
vn -0.064045 -0.997833 0.015094
vn -0.141978 -0.989070 0.039771
vn -0.024656 -0.998322 0.052394
vn -0.041158 -0.991043 0.127046
vn 0.029649 -0.998046 0.055003
vn 0.121895 -0.976892 0.175567
vn 0.063243 -0.997614 0.027705
vn 0.219146 -0.969513 0.109634
vn 0.539206 -0.821454 -0.185661
vn 0.185139 -0.848675 -0.495454
vn -0.144109 -0.947155 -0.286582
vn -0.380426 -0.912463 -0.150622
vn -0.330062 -0.938453 0.101813
vn -0.092470 -0.946513 0.309133
vn 0.249961 -0.889693 0.382056
vn 0.460910 -0.869100 0.179522
vn 0.302505 0.087951 -0.949082
vn 0.947535 0.040312 -0.317100
vn -0.503129 0.106641 -0.857606
vn -0.952526 0.062524 -0.297967
vn -0.945101 0.029497 0.325443
vn -0.304225 0.036889 0.951886
vn 0.583850 0.034369 0.811134
vn 0.912095 0.012597 0.409786
vn 0.897043 0.346071 -0.274863
vn 0.266899 0.337972 -0.902519
vn -0.507456 0.337103 -0.793001
vn -0.891200 0.301020 -0.339338
vn -0.900912 0.323839 0.288940
vn -0.252901 0.347856 0.902794
vn 0.566300 0.338785 0.751351
vn 0.858110 0.330483 0.392973
vn 0.590156 0.797041 -0.128227
vn 0.168854 0.837737 -0.519311
vn -0.310190 0.762149 -0.568253
vn -0.581891 0.777760 -0.237684
vn -0.616324 0.777900 0.122537
vn -0.057072 0.822057 0.566537
vn 0.552533 0.625938 0.550371
vn 0.685059 0.622920 0.377709
vn 0.362480 0.929776 -0.064234
vn 0.105191 0.950681 -0.291789
vn -0.246154 0.926010 -0.286207
vn -0.383371 0.920116 -0.080078
vn -0.360401 0.932642 0.017006
vn -0.065379 0.981242 0.181353
vn 0.499465 0.751688 0.430696
vn 0.516527 0.797901 0.310732
vn 0.000000 -1.000000 0.000000
vn -0.022058 0.998877 0.041930
vn 0.062733 -0.997833 0.019853
vn 0.048019 -0.998322 -0.032361
vn 0.141354 -0.988945 0.044788
vn 0.105988 -0.991356 -0.077326
vn 0.002721 -0.998046 -0.062426
vn 0.003542 -0.989716 -0.143002
vn -0.040115 -0.997614 -0.056196
vn -0.067715 -0.993970 -0.086249
vn -0.062733 -0.997833 -0.019853
vn -0.138969 -0.989768 -0.032349
vn -0.048019 -0.998322 0.032361
vn -0.100441 -0.991043 0.088014
vn -0.002721 -0.998046 0.062426
vn 0.014722 -0.976892 0.213226
vn 0.040115 -0.997614 0.056196
vn 0.132019 -0.969513 0.206434
vn 0.558178 -0.821454 0.116839
vn 0.412849 -0.848676 -0.330614
vn 0.061601 -0.983561 -0.169743
vn -0.143832 -0.981821 -0.123857
vn -0.308373 -0.950501 -0.038142
vn -0.237802 -0.946513 0.218091
vn 0.018898 -0.889693 0.456168
vn 0.303829 -0.869099 0.390327
vn 0.796017 0.049977 -0.603208
vn 0.976180 0.040312 0.213184
vn 0.260054 -0.189576 -0.946801
vn -0.724884 -0.150385 -0.672256
vn -0.995062 0.030503 -0.094447
vn -0.748983 0.036889 0.661562
vn 0.085780 0.034369 0.995721
vn 0.573304 0.012596 0.819246
vn 0.911178 0.346071 0.223584
vn 0.746733 0.346452 -0.567769
vn 0.243299 0.378183 -0.893187
vn -0.653295 0.317999 -0.687083
vn -0.938483 0.331193 -0.097786
vn -0.679754 0.347856 0.645702
vn 0.101339 0.338786 0.935390
vn 0.535559 0.330481 0.777148
vn 0.453815 0.868308 0.200233
vn 0.364223 0.898154 -0.246295
vn 0.145017 0.872806 -0.466026
vn -0.345855 0.872617 -0.344852
vn -0.548081 0.830289 -0.101131
vn -0.286652 0.862314 0.417427
vn 0.205507 0.710650 0.672862
vn 0.309858 0.743647 0.592434
vn 0.142033 0.989626 0.021618
vn 0.107283 0.990141 -0.090065
vn 0.009962 0.990736 -0.135434
vn -0.089250 0.992508 -0.083441
vn -0.203445 0.934069 -0.293472
vn -0.063368 0.997542 0.029910
vn 0.259131 0.877128 0.404348
vn 0.187803 0.917782 0.349866
vn 0.000000 -1.000000 0.000000
vn 0.059129 0.996625 -0.056934
vn 0.006150 -0.998535 -0.053760
vn -0.030362 -0.999274 -0.023032
vn 0.012899 -0.992715 -0.119792
vn -0.070942 -0.996273 -0.049074
vn -0.042522 -0.998834 0.022845
vn -0.097751 -0.993823 0.052536
vn -0.032293 -0.998282 0.048890
vn -0.072016 -0.990899 0.113720
vn -0.006150 -0.998535 0.053760
vn -0.007843 -0.992923 0.118505
vn 0.030362 -0.999274 0.023032
vn 0.078073 -0.996117 0.040689
vn 0.042522 -0.998834 -0.022845
vn 0.143631 -0.985495 -0.090385
vn 0.032293 -0.998282 -0.048890
vn 0.124831 -0.977712 -0.168808
vn -0.062817 -0.842331 -0.535288
vn -0.449819 -0.787602 -0.421125
vn -0.221484 -0.969281 0.106958
vn -0.188254 -0.935714 0.298330
vn -0.010071 -0.959973 0.279910
vn 0.070579 -0.995526 0.062828
vn 0.113759 -0.989388 -0.090394
vn 0.134570 -0.952683 -0.272554
vn -0.072200 0.090303 -0.993294
vn -0.849745 0.244984 -0.466815
vn -0.887455 0.126241 0.443269
vn -0.471989 0.063052 0.879347
vn -0.040024 -0.009836 0.999150
vn 0.695633 -0.399200 0.597271
vn 0.711181 -0.468050 -0.524548
vn 0.477656 -0.167973 -0.862340
vn -0.056431 0.399214 -0.915120
vn -0.801582 0.396337 -0.447643
vn -0.797522 0.353562 0.488827
vn -0.488455 0.317455 0.812794
vn -0.038242 0.448377 0.893026
vn 0.561053 0.671849 0.483568
vn 0.605866 0.634013 -0.480577
vn 0.441803 0.486837 -0.753525
vn 0.031993 0.824918 -0.564347
vn -0.456168 0.812163 -0.363733
vn -0.547020 0.795187 0.261624
vn -0.271078 0.808149 0.522888
vn 0.043579 0.879096 0.474649
vn 0.237359 0.966635 0.096319
vn 0.307892 0.908734 -0.281789
vn 0.395583 0.756956 -0.520127
vn 0.136745 0.922648 -0.360586
vn -0.090244 0.957270 -0.274755
vn -0.092565 0.985502 0.142191
vn 0.038717 0.947749 0.316660
vn 0.135287 0.971715 0.193568
vn 0.302294 0.952879 0.025306
vn 0.422522 0.878438 -0.223210
vn 0.383019 0.838898 -0.386712
vn -0.000000 -1.000000 0.000000
vn 0.227406 0.973409 -0.027605
vn 0.101916 -0.994039 0.038737
vn 0.051581 -0.997634 -0.045450
vn 0.221926 -0.971633 0.081718
vn 0.110854 -0.988053 -0.107064
vn -0.035379 -0.995451 -0.088467
vn -0.078189 -0.976625 -0.200227
vn -0.085423 -0.992949 -0.082194
vn -0.139837 -0.981874 -0.127940
vn -0.101916 -0.994039 -0.038737
vn -0.211639 -0.975421 -0.061346
vn -0.051581 -0.997634 0.045450
vn -0.096411 -0.987488 0.124786
vn 0.035379 -0.995451 0.088467
vn 0.129642 -0.948594 0.288724
vn 0.085423 -0.992949 0.082194
vn 0.272044 -0.918789 0.286039
vn 0.688595 -0.703348 0.176461
vn 0.412581 -0.787331 -0.458134
vn -0.024008 -0.970096 -0.241534
vn -0.261918 -0.949132 -0.174780
vn -0.441593 -0.893813 -0.078068
vn -0.228917 -0.922826 0.309823
vn 0.247117 -0.786861 0.565494
vn 0.529641 -0.705104 0.471496
vn 0.708412 0.050022 -0.704024
vn 0.970011 0.023934 0.241878
vn -0.102710 -0.129508 -0.986245
vn -0.798433 -0.110342 -0.591887
vn -0.989623 0.021101 -0.142128
vn -0.623662 0.049129 0.780149
vn 0.417122 0.018559 0.908661
vn 0.717322 0.001599 0.696741
vn 0.934340 0.245919 0.257940
vn 0.669184 0.300599 -0.679583
vn -0.118818 0.277345 -0.953395
vn -0.766450 0.201846 -0.609765
vn -0.962064 0.227000 -0.151338
vn -0.546470 0.322688 0.772815
vn 0.424556 0.213593 0.879847
vn 0.701280 0.196829 0.685175
vn 0.608978 0.744124 0.274637
vn 0.376926 0.868085 -0.323040
vn -0.059779 0.795459 -0.603052
vn -0.514963 0.756802 -0.402570
vn -0.714455 0.677765 -0.173750
vn -0.183300 0.816847 0.546957
vn 0.485452 0.506659 0.712484
vn 0.554749 0.539356 0.633521
vn 0.204088 0.977801 0.047466
vn 0.106523 0.986543 -0.124041
vn -0.074564 0.979399 -0.187663
vn -0.166563 0.978662 -0.120323
vn -0.402544 0.820601 -0.405675
vn -0.052828 0.996769 0.060501
vn 0.497315 0.714989 0.491395
vn 0.399613 0.798434 0.450347
vn 0.000000 -1.000000 -0.000000
vn 0.038875 0.997084 -0.065667
vn 0.002851 -0.997833 -0.065738
vn -0.043737 -0.998322 -0.037948
vn 0.006478 -0.988945 -0.148139
vn -0.102234 -0.991356 -0.082225
vn -0.060985 -0.998046 0.013611
vn -0.139001 -0.989716 0.033777
vn -0.043827 -0.997614 0.053352
vn -0.096565 -0.987565 0.124060
vn -0.002851 -0.997833 0.065738
vn -0.000248 -0.989071 0.147443
vn 0.043737 -0.998322 0.037948
vn 0.111111 -0.991043 0.074089
vn 0.060985 -0.998046 -0.013611
vn 0.202056 -0.976892 -0.069679
vn 0.043827 -0.997614 -0.053352
vn 0.164987 -0.969513 -0.181172
vn -0.087965 -0.758385 -0.645844
vn -0.525637 -0.676009 -0.516448
vn -0.314016 -0.947555 0.059435
vn -0.248203 -0.912463 0.325280
vn 0.008428 -0.938453 0.345305
vn 0.106471 -0.988860 0.104023
vn 0.157971 -0.984562 -0.075392
vn 0.178398 -0.936653 -0.301423
vn -0.129566 0.071532 -0.988987
vn -0.813048 0.164255 -0.558546
vn -0.959214 0.092120 0.267249
vn -0.551891 0.057832 0.831909
vn -0.008010 -0.003679 0.999961
vn 0.694021 -0.313240 0.648240
vn 0.834843 -0.375719 -0.402335
vn 0.548808 -0.152757 -0.821873
vn -0.116370 0.334802 -0.935075
vn -0.792386 0.275958 -0.544033
vn -0.913996 0.289759 0.283991
vn -0.559796 0.278898 0.780285
vn -0.004488 0.362100 0.932128
vn 0.611888 0.549452 0.568943
vn 0.738927 0.558673 -0.376658
vn 0.516720 0.431367 -0.739542
vn 0.005592 0.743995 -0.668161
vn -0.539799 0.686004 -0.487868
vn -0.685233 0.712822 0.149466
vn -0.335979 0.759264 0.557348
vn 0.097724 0.813846 0.572805
vn 0.335001 0.922929 0.189678
vn 0.419054 0.874179 -0.245367
vn 0.499700 0.708897 -0.497759
vn 0.138164 0.901822 -0.409425
vn -0.119631 0.930695 -0.345682
vn -0.131693 0.984011 0.119916
vn 0.050622 0.908960 0.413798
vn 0.218943 0.935698 0.276647
vn 0.406204 0.906304 0.116667
vn 0.557829 0.820550 -0.124599
vn 0.489450 0.791585 -0.365829
vn -0.000000 -1.000000 0.000000
vn 0.322957 0.946031 0.026919
vn -0.036283 -0.997833 0.054892
vn 0.017964 -0.998322 0.055048
vn -0.081808 -0.988945 0.123671
vn 0.045324 -0.991356 0.123120
vn 0.059291 -0.998046 0.019723
vn 0.136558 -0.989716 0.042592
vn 0.065037 -0.997614 -0.023181
vn 0.146649 -0.987565 -0.056655
vn 0.036283 -0.997833 -0.054892
vn 0.059613 -0.989363 -0.132693
vn -0.017964 -0.998322 -0.055048
vn -0.102676 -0.968984 -0.224785
vn -0.059291 -0.998046 -0.019723
vn -0.133709 -0.988590 -0.069366
vn -0.065037 -0.997614 0.023181
vn -0.206084 -0.974747 0.086011
vn -0.257034 -0.758385 0.598988
vn 0.138091 -0.646661 0.750174
vn 0.212489 -0.971544 0.104649
vn 0.196269 -0.977379 -0.078795
vn 0.071953 -0.975764 -0.206658
vn -0.062671 -0.979520 -0.191346
vn -0.148576 -0.988706 -0.019640
vn -0.292896 -0.935440 0.197898
vn -0.378405 0.076410 0.922481
vn 0.399281 0.053075 0.915291
vn 0.940638 -0.057907 0.334434
vn 0.888085 -0.184321 -0.421108
vn 0.364844 -0.139590 -0.920545
vn -0.290491 -0.414106 -0.862630
vn -0.921269 -0.344956 -0.179634
vn -0.849520 -0.146864 0.506702
vn -0.370491 0.314415 0.874002
vn 0.343689 0.348923 0.871855
vn 0.843450 0.463936 0.270842
vn 0.831176 0.454018 -0.320960
vn 0.317850 0.438656 -0.840566
vn -0.299482 0.599952 -0.741868
vn -0.831472 0.521573 -0.191352
vn -0.795504 0.363184 0.485047
vn 0.134145 0.889207 0.437397
vn -0.291689 0.757384 0.584198
vn 0.342040 0.931670 0.122473
vn 0.268619 0.962117 -0.046630
vn 0.027277 0.899060 -0.436976
vn -0.306635 0.860048 -0.407790
vn -0.609279 0.791750 0.043725
vn -0.647337 0.662359 0.377140
vn 0.291943 0.852135 0.434321
vn -0.017914 0.919015 0.393816
vn 0.369699 0.917780 0.144923
vn 0.547784 0.819323 -0.169242
vn 0.047637 0.903489 -0.425957
vn -0.341948 0.771836 -0.536042
vn -0.573821 0.817483 -0.049516
vn -0.570685 0.791931 0.217174
vn 0.000000 -1.000000 -0.000000
vn 0.105391 0.992240 -0.065978
vn -0.083476 -0.995705 -0.040045
vn -0.056083 -0.997760 0.036457
vn -0.184700 -0.978940 -0.086956
vn -0.122458 -0.988619 0.087391
vn 0.010563 -0.996541 0.082426
vn 0.024243 -0.981961 0.187524
vn 0.059578 -0.994981 0.080394
vn 0.138387 -0.974035 0.179178
vn 0.083476 -0.995705 0.040045
vn 0.185828 -0.980814 0.058926
vn 0.056083 -0.997760 -0.036457
vn 0.224301 -0.955726 -0.190466
vn -0.010563 -0.996541 -0.082426
vn 0.005201 -0.982061 -0.188494
vn -0.059578 -0.994981 -0.080394
vn -0.197298 -0.948489 -0.247874
vn -0.706584 -0.681718 -0.189737
vn -0.720259 -0.602504 0.343825
vn -0.003855 -0.954174 0.299228
vn 0.187780 -0.952349 0.240355
vn 0.274162 -0.960079 0.055533
vn 0.185524 -0.974714 -0.124554
vn -0.059639 -0.977244 -0.203561
vn -0.361980 -0.872044 -0.329407
vn -0.970306 0.063974 -0.233267
vn -0.775025 0.068199 0.628240
vn 0.072795 -0.042081 0.996459
vn 0.648455 -0.137594 0.748715
vn 0.968270 -0.112091 0.223358
vn 0.781681 -0.354767 -0.512948
vn -0.189238 -0.270774 -0.943859
vn -0.706186 -0.100481 -0.700860
vn -0.938450 0.248350 -0.240072
vn -0.759729 0.297018 0.578439
vn 0.104416 0.361359 0.926562
vn 0.570256 0.353047 0.741732
vn 0.912759 0.357655 0.197366
vn 0.680275 0.533331 -0.502776
vn -0.159160 0.433785 -0.886847
vn -0.690206 0.255063 -0.677170
vn -0.430906 0.868538 0.244872
vn -0.707792 0.669069 -0.226664
vn 0.025541 0.888956 0.457281
vn 0.191704 0.921712 0.337188
vn 0.502559 0.862770 -0.055342
vn 0.303498 0.825970 -0.475040
vn -0.302533 0.664503 -0.683308
vn -0.602538 0.517413 -0.607645
vn -0.358025 0.811417 0.461974
vn -0.437143 0.897992 0.050159
vn 0.021459 0.872275 0.488545
vn 0.410731 0.695830 0.589170
vn 0.489010 0.872254 0.006425
vn 0.436035 0.714505 -0.547134
vn -0.235128 0.717601 -0.655564
vn -0.457480 0.661166 -0.594619
vn 0.000000 -1.000000 -0.000000
vn 0.139798 0.979693 0.143726
vn -0.003054 -0.998215 0.059640
vn 0.039754 -0.998116 0.046740
vn -0.008240 -0.990732 0.135578
vn 0.093631 -0.990209 0.103534
vn 0.060086 -0.998169 0.007011
vn 0.136687 -0.990551 0.011180
vn 0.045022 -0.998271 -0.037783
vn 0.099391 -0.991043 -0.089188
vn 0.003054 -0.998215 -0.059640
vn -0.016219 -0.990287 -0.138089
vn -0.039754 -0.998116 -0.046740
vn -0.181360 -0.967483 -0.176312
vn -0.060086 -0.998169 -0.007011
vn -0.148133 -0.988210 -0.038694
vn -0.045022 -0.998271 0.037783
vn -0.135705 -0.981706 0.133560
vn 0.057711 -0.761368 0.645747
vn 0.431212 -0.628916 0.646931
vn 0.230688 -0.971487 0.054730
vn 0.129191 -0.984149 -0.121494
vn -0.036889 -0.976713 -0.211357
vn -0.140933 -0.975647 -0.168079
vn -0.134316 -0.990878 0.011008
vn -0.159709 -0.953102 0.257080
vn 0.106858 0.074356 0.991490
vn 0.707403 0.039109 0.705728
vn 0.993768 -0.071364 0.085633
vn 0.669195 -0.199618 -0.715773
vn -0.113247 -0.144266 -0.983037
vn -0.602085 -0.398604 -0.691816
vn -0.932298 -0.355475 0.066772
vn -0.576554 -0.179347 0.797132
vn 0.094571 0.331800 0.938598
vn 0.643368 0.340654 0.685590
vn 0.867035 0.493162 0.070997
vn 0.641607 0.494368 -0.586465
vn -0.118657 0.450121 -0.885049
vn -0.565603 0.583332 -0.582938
vn -0.848274 0.529242 0.018299
vn -0.520363 0.413287 0.747272
vn 0.320729 0.869223 0.376277
vn 0.013802 0.763699 0.645426
vn 0.352062 0.935540 0.028577
vn 0.204377 0.973602 -0.101635
vn -0.174332 0.892781 -0.415391
vn -0.438348 0.845091 -0.306061
vn -0.506352 0.840759 0.191653
vn -0.407677 0.724771 0.555433
vn 0.435966 0.839262 0.324920
vn 0.174029 0.910323 0.375533
vn 0.385433 0.921323 0.051047
vn 0.408166 0.861624 -0.301670
vn -0.177141 0.893602 -0.412427
vn -0.512560 0.756017 -0.407087
vn -0.546454 0.835143 0.062641
vn -0.403393 0.843393 0.354912
vn -0.000000 -1.000000 0.000000
vn 0.049936 0.995564 -0.079738
vn -0.041457 -0.997169 0.062729
vn 0.020534 -0.997808 0.062915
vn -0.093194 -0.985617 0.140973
vn 0.051690 -0.988747 0.140386
vn 0.067760 -0.997447 0.022540
vn 0.155629 -0.986621 0.048557
vn 0.074315 -0.996883 -0.026490
vn 0.167021 -0.983839 -0.064533
vn 0.041457 -0.997169 -0.062729
vn 0.067990 -0.986122 -0.151464
vn -0.020534 -0.997808 -0.062915
vn -0.114676 -0.960449 -0.253746
vn -0.067760 -0.997447 -0.022540
vn -0.152574 -0.985124 -0.079070
vn -0.074315 -0.996883 0.026490
vn -0.233233 -0.967514 0.097565
vn -0.281456 -0.717488 0.637176
vn 0.150273 -0.607626 0.779877
vn 0.241860 -0.962984 0.119020
vn 0.222920 -0.970717 -0.089534
vn 0.081728 -0.968671 -0.234515
vn -0.071761 -0.973422 -0.217487
vn -0.169422 -0.985287 -0.022500
vn -0.330898 -0.917007 0.222722
vn -0.376284 0.069053 0.923928
vn 0.396845 0.053167 0.916345
vn 0.943840 -0.053438 0.326053
vn 0.893495 -0.163185 -0.418375
vn 0.367620 -0.121901 -0.921952
vn -0.296934 -0.368035 -0.881124
vn -0.935831 -0.302831 -0.180313
vn -0.851762 -0.130572 0.507397
vn -0.372358 0.284053 0.883551
vn 0.349719 0.310241 0.883995
vn 0.865119 0.418567 0.276354
vn 0.847917 0.414590 -0.330381
vn 0.327464 0.395479 -0.858116
vn -0.311660 0.546151 -0.777552
vn -0.857748 0.475534 -0.195284
vn -0.809253 0.318397 0.493694
vn 0.147948 0.861058 0.486509
vn -0.319256 0.711592 0.625869
vn 0.385772 0.912307 0.137389
vn 0.302648 0.951660 -0.052423
vn 0.030705 0.873781 -0.485350
vn -0.337957 0.827611 -0.448158
vn -0.655953 0.753561 0.043258
vn -0.681792 0.613221 0.398898
vn 0.320468 0.816544 0.480163
vn -0.018736 0.901432 0.432516
vn 0.412347 0.896613 0.161415
vn 0.597982 0.779899 -0.184865
vn 0.054638 0.881549 -0.468919
vn -0.369020 0.725540 -0.580875
vn -0.625651 0.778437 -0.050968
vn -0.615383 0.752656 0.234123
vn -0.000000 -1.000000 0.000000
vn 0.121931 0.989726 -0.074673
vn -0.059098 -0.996899 0.051968
vn 0.008928 -0.998237 0.058674
vn -0.130680 -0.984588 0.116233
vn 0.025723 -0.990995 0.131402
vn 0.067381 -0.997451 0.023490
vn 0.154309 -0.986602 0.052972
vn 0.082961 -0.996403 -0.017277
vn 0.131425 -0.990804 -0.032163
vn 0.059098 -0.996899 -0.051968
vn 0.114784 -0.986226 -0.119092
vn -0.008928 -0.998237 -0.058673
vn -0.041182 -0.990624 -0.130260
vn -0.067381 -0.997451 -0.023490
vn -0.236778 -0.969553 -0.062468
vn -0.082960 -0.996403 0.017277
vn -0.291206 -0.955565 0.045762
vn -0.415880 -0.787477 0.454889
vn 0.135255 -0.835624 0.532390
vn 0.154937 -0.981137 0.115606
vn 0.211167 -0.973051 -0.092631
vn 0.215932 -0.935566 -0.279445
vn -0.108239 -0.942360 -0.316612
vn -0.487980 -0.861778 -0.138615
vn -0.560270 -0.816116 0.141603
vn 0.209216 0.051061 0.976535
vn -0.671722 0.033426 0.740049
vn 0.814250 -0.165337 0.556471
vn 0.923328 -0.137901 -0.358397
vn 0.584517 0.027998 -0.810899
vn -0.298152 0.046015 -0.953409
vn -0.968880 0.027940 -0.245951
vn -0.980250 0.006411 0.197657
vn -0.658295 0.310133 0.685905
vn 0.201190 0.339156 0.918965
vn 0.783111 0.347687 0.515607
vn 0.914492 0.269187 -0.302064
vn 0.568869 0.294036 -0.768070
vn -0.319656 0.347066 -0.881683
vn -0.933002 0.290307 -0.212673
vn -0.943805 0.274044 0.184749
vn -0.448292 0.830470 0.330688
vn 0.065064 0.895314 0.440658
vn 0.425562 0.853963 0.299407
vn 0.515295 0.837802 -0.180443
vn 0.410540 0.783504 -0.466452
vn -0.291926 0.853466 -0.431711
vn -0.769755 0.637001 -0.041318
vn -0.738587 0.670407 0.071022
vn -0.103714 0.986912 0.123485
vn 0.038347 0.989783 0.137326
vn 0.143625 0.988225 0.052750
vn 0.138005 0.988964 -0.053903
vn 0.428271 0.900092 -0.080109
vn -0.008000 0.997530 -0.069789
vn -0.556285 0.824946 0.100058
vn -0.468558 0.882080 0.048867
vn 0.000000 -1.000000 -0.000000
vn 0.027772 0.997241 0.068839
vn -0.012317 -0.995244 -0.096632
vn -0.012317 -0.995244 -0.096631
vn -0.012317 -0.995244 -0.096632
vn -0.012317 -0.995244 -0.096631
vn -0.001465 0.159934 0.987127
vn -0.006699 0.379046 0.925354
vn -0.023912 0.155821 0.987496
vn -0.010720 0.379101 0.925293
vn 0.020350 0.593698 -0.804430
vn 0.020350 0.593698 -0.804430
vn 0.020349 0.593698 -0.804431
vn 0.020349 0.593698 -0.804431
vn 0.999791 -0.013837 0.015082
vn 0.999791 -0.013837 0.015082
vn 0.999791 -0.013838 0.015081
vn 0.999791 -0.013838 0.015080
vn -0.999791 0.013838 -0.015080
vn -0.999791 0.013839 -0.015079
vn -0.999791 0.013838 -0.015081
vn -0.999791 0.013839 -0.015079
vn 0.020397 0.613249 -0.789627
vn 0.020397 0.613249 -0.789627
vn 0.020397 0.613249 -0.789627
vn 0.020397 0.613248 -0.789627
vn -0.999791 0.013837 -0.015079
vn -0.999791 0.013836 -0.015079
vn -0.999791 0.013837 -0.015079
vn -0.012805 -0.997704 -0.066511
vn -0.012805 -0.997704 -0.066511
vn -0.012805 -0.997704 -0.066511
vn -0.012805 -0.997704 -0.066511
vn 0.999791 -0.013837 0.015079
vn 0.999791 -0.013837 0.015079
vn 0.999791 -0.013837 0.015079
vn 0.999791 -0.013837 0.015078
vn 0.999791 -0.013841 0.015078
vn 0.999791 -0.013837 0.015078
vn 0.999791 -0.013841 0.015078
vn -0.009319 0.611632 0.791087
vn 0.012637 0.828397 0.559999
vn -0.005802 0.612071 0.790782
vn -0.014172 0.790048 0.612882
vn -0.999791 0.013837 -0.015079
vn -0.999791 0.013837 -0.015079
vn -0.999791 0.013838 -0.015078
vn -0.999791 0.013839 -0.015077
vn -0.999791 0.013837 -0.015079
vn -0.999791 0.013838 -0.015079
vn 0.999791 -0.013838 0.015079
vn 0.999791 -0.013837 0.015079
vn 0.999791 -0.013838 0.015078
vn 0.999791 -0.013838 0.015077
vn -0.008043 0.503358 0.864040
vn -0.008986 0.458964 0.888409
vn -0.999791 0.013840 -0.015076
vn -0.999791 0.013839 -0.015077
vn -0.999791 0.013838 -0.015079
vn 0.999791 -0.013836 0.015079
vn 0.046018 0.288745 -0.956299
vn -0.008504 0.290569 -0.956816
vn 0.084810 0.236028 -0.968038
vn -0.047610 0.239937 -0.969620
vn -0.020417 -0.725279 0.688153
vn -0.020417 -0.725279 0.688153
vn -0.047878 -0.982058 -0.182399
vn 0.027103 -0.982849 -0.182409
vn -0.054041 -0.981306 -0.184709
vn 0.036639 -0.981670 -0.187032
vn 0.015697 0.991234 -0.131185
vn 0.015697 0.991234 -0.131179
vn 0.165476 -0.362125 -0.917324
vn 0.131102 -0.357217 -0.924775
vn 0.194424 0.360492 0.912275
vn 0.632868 0.178200 0.753474
vn -0.147694 -0.357791 -0.922048
vn -0.112988 -0.353839 -0.928457
vn -0.211787 0.366115 0.906149
vn -0.650124 0.195957 0.734125
vn 0.153569 -0.620546 -0.768986
vn 0.106053 -0.625818 -0.772726
vn 0.212774 0.607240 0.765498
vn 0.714706 0.543305 0.440472
vn -0.147478 -0.614257 -0.775203
vn -0.093421 -0.625735 -0.774421
vn -0.226269 0.609985 0.759421
vn -0.736440 0.512522 0.441563
vn 0.163295 -0.448103 -0.878942
vn 0.163322 -0.447309 -0.879341
vn 0.149092 0.449089 0.880960
vn -0.149225 -0.496378 -0.855185
vn -0.149231 -0.493787 -0.856682
vn -0.161158 0.500553 0.850573
vn -0.005886 -0.943556 0.331160
vn -0.005886 -0.943556 0.331161
vn -0.005886 -0.943556 0.331160
vn -0.005886 -0.943556 0.331161
vn -0.870271 0.394244 0.295297
vn -0.784020 0.595786 0.174219
vn -0.879598 0.384070 0.280708
vn -0.785537 0.594695 0.171083
vn 0.759723 0.405137 -0.508610
vn 0.759723 0.405137 -0.508610
vn 0.759724 0.405136 -0.508610
vn 0.759724 0.405136 -0.508610
vn 0.415682 0.298890 0.858996
vn 0.415682 0.298890 0.858996
vn 0.415681 0.298890 0.858996
vn 0.415680 0.298890 0.858996
vn -0.415682 -0.298890 -0.858996
vn -0.415678 -0.298890 -0.858997
vn -0.415681 -0.298890 -0.858996
vn -0.415678 -0.298890 -0.858997
vn 0.746774 0.426959 -0.509936
vn 0.746774 0.426959 -0.509936
vn 0.746774 0.426959 -0.509936
vn 0.746774 0.426959 -0.509936
vn -0.415681 -0.298890 -0.858996
vn -0.415681 -0.298890 -0.858996
vn -0.415681 -0.298890 -0.858996
vn -0.030743 -0.939303 0.341709
vn -0.030743 -0.939303 0.341709
vn -0.030743 -0.939303 0.341709
vn -0.030743 -0.939303 0.341709
vn 0.415681 0.298890 0.858996
vn 0.415681 0.298890 0.858996
vn 0.415681 0.298890 0.858996
vn 0.415682 0.298889 0.858996
vn 0.415682 0.298888 0.858996
vn 0.415682 0.298889 0.858996
vn 0.415682 0.298889 0.858996
vn -0.630330 0.775783 0.029066
vn -0.390750 0.912791 -0.118858
vn -0.628592 0.777100 0.031426
vn -0.450597 0.886364 -0.106402
vn -0.415680 -0.298890 -0.858996
vn -0.415681 -0.298890 -0.858996
vn -0.415682 -0.298890 -0.858996
vn -0.415682 -0.298890 -0.858996
vn -0.415681 -0.298889 -0.858996
vn -0.415682 -0.298890 -0.858996
vn 0.415681 0.298890 0.858996
vn 0.415681 0.298890 0.858996
vn 0.415682 0.298889 0.858996
vn 0.415682 0.298889 0.858996
vn -0.710741 0.696371 0.099570
vn -0.739840 0.660878 0.126006
vn -0.415678 -0.298889 -0.858998
vn -0.415679 -0.298889 -0.858997
vn -0.415681 -0.298890 -0.858996
vn 0.415681 0.298890 0.858996
vn 0.897084 0.079215 -0.434701
vn 0.877830 0.066619 -0.474317
vn 0.928982 0.015604 -0.369795
vn 0.868523 -0.025166 -0.495010
vn -0.658249 -0.552880 0.510913
vn -0.658252 -0.552877 0.510912
vn 0.051912 -0.960344 0.273944
vn 0.078298 -0.942151 0.325916
vn 0.052816 -0.962876 0.264727
vn 0.089296 -0.938944 0.332282
vn 0.192643 0.894097 -0.404326
vn 0.192647 0.894096 -0.404326
vn 0.843437 -0.534283 -0.056170
vn 0.835752 -0.541254 -0.092537
vn -0.695709 0.633885 0.337902
vn -0.417686 0.558698 0.716516
vn 0.724836 -0.619563 -0.301256
vn 0.747509 -0.604704 -0.274887
vn -0.854105 0.519992 0.010583
vn -0.923860 0.194742 -0.329480
vn 0.665685 -0.740699 0.090712
vn 0.648495 -0.759417 0.052345
vn -0.523477 0.830361 0.190974
vn -0.061453 0.865219 0.497614
vn 0.557002 -0.818625 -0.140009
vn 0.576362 -0.812170 -0.090479
vn -0.689508 0.708951 -0.148214
vn -0.650465 0.420956 -0.632211
vn 0.794515 -0.607179 -0.008929
vn 0.795465 -0.605920 -0.009780
vn -0.674018 0.695778 0.248179
vn 0.643795 -0.733277 -0.218708
vn 0.646351 -0.730289 -0.221153
vn -0.759831 0.649790 -0.020718
s 1
g pPrism4
usemtl initialShadingGroup
f 23/1451/1 24/393/2 26/394/3
f 26/394/3 24/393/2 25/1427/4
s 2
f 2/399/5 16/1122/6 5/397/7
f 5/397/7 16/1122/6 17/1124/8
s 3
f 27/1399/9 28/2/10 30/1400/11
f 30/1400/11 28/2/10 29/4/12
s 4
f 31/429/13 32/1426/14 24/431/15
f 24/431/15 32/1426/14 25/1425/16
s 5
f 34/398/17 23/392/18 33/396/19
f 33/396/19 23/392/18 26/1452/20
s 6
f 8/7/21 7/8/22 4/9/23
f 4/9/23 7/8/22 1/10/24
s 7
f 4/1449/25 9/1450/26 18/410/27
s 8
f 1/411/28 10/412/29 4/408/30
f 4/408/30 10/412/29 9/413/31
s 9
f 1/1131/32 7/1133/33 22/1421/34
s 4
f 36/426/35 28/423/36 35/1397/37
f 35/1397/37 28/423/36 27/1398/38
s 2
f 21/422/39 3/5/40 20/425/41
f 20/425/41 3/5/40 6/6/42
s 5
f 37/1441/43 38/403/44 29/405/45
f 29/405/45 38/403/44 30/407/46
s 7
f 4/1449/25 19/1444/47 8/1446/48
s 9
f 1/1131/32 11/1420/49 15/1419/50
s 4
f 32/1426/14 31/429/13 40/1396/51
f 40/1396/51 31/429/13 39/428/52
s 2
f 17/1124/8 16/1122/6 13/1121/53
f 13/1121/53 16/1122/6 12/424/54
s 5
f 42/401/55 34/398/17 41/400/56
f 41/400/56 34/398/17 33/396/19
f 38/403/44 37/1441/43 41/400/56
f 41/400/56 37/1441/43 42/401/55
s 2
f 13/1121/53 12/424/54 20/425/41
f 20/425/41 12/424/54 21/422/39
s 4
f 39/428/52 36/426/35 40/1396/51
f 40/1396/51 36/426/35 35/1397/37
s 7
f 4/1449/25 18/410/27 14/1445/57
f 4/1449/25 14/1445/57 19/1444/47
s 9
f 1/1131/32 15/1419/50 10/1422/58
f 1/1131/32 22/1421/34 11/1420/49
s 14
f 9/11/59 10/1423/60 23/13/61
f 23/13/61 10/1423/60 24/1424/62
s 2
f 2/399/5 5/397/7 25/395/63
f 25/395/63 5/397/7 26/1428/64
s 14
f 7/1417/65 8/418/66 28/416/67
f 28/416/67 8/418/66 29/419/68
s 2
f 6/6/42 3/5/40 30/3/69
f 30/3/69 3/5/40 27/1/70
s 14
f 15/1129/71 31/15/72 10/12/60
f 10/12/60 31/15/72 24/14/62
s 2
f 16/1122/6 2/399/5 32/430/73
f 32/430/73 2/399/5 25/432/74
s 14
f 18/1137/75 9/1135/59 34/1134/76
f 34/1134/76 9/1135/59 23/1136/61
s 2
f 17/1124/8 33/1126/77 5/397/7
f 5/397/7 33/1126/77 26/1128/78
s 14
f 22/417/79 7/415/65 36/414/80
f 36/414/80 7/415/65 28/1418/67
s 2
f 21/422/39 35/420/81 3/5/40
f 3/5/40 35/420/81 27/421/82
s 14
f 19/406/83 37/402/84 8/409/66
f 8/409/66 37/402/84 29/1139/68
s 2
f 20/425/41 6/6/42 38/1125/85
f 38/1125/85 6/6/42 30/1127/86
s 14
f 15/1129/71 11/1130/87 31/15/72
f 31/15/72 11/1130/87 39/1132/88
s 2
f 12/424/54 16/1122/6 40/427/89
f 40/427/89 16/1122/6 32/430/73
s 14
f 18/1137/75 34/1134/76 14/404/90
f 14/404/90 34/1134/76 42/1138/91
s 2
f 13/1121/53 41/1123/92 17/1124/8
f 17/1124/8 41/1123/92 33/1126/77
s 14
f 19/406/83 14/404/90 37/402/84
f 37/402/84 14/404/90 42/1138/91
s 2
f 13/1121/53 20/425/41 41/1123/92
f 41/1123/92 20/425/41 38/1125/85
s 14
f 11/1130/87 22/417/79 39/1132/88
f 39/1132/88 22/417/79 36/414/80
s 2
f 21/422/39 12/424/54 35/420/81
f 35/420/81 12/424/54 40/427/89
s 18
f 43/16/93 44/17/94 63/18/95
f 63/18/95 44/17/94 64/19/96
f 44/17/94 45/21/97 64/19/96
f 64/19/96 45/21/97 65/23/98
f 45/1140/97 46/1141/99 65/1142/98
f 65/1142/98 46/1141/99 66/1143/100
f 46/1141/99 47/1144/101 66/1143/100
f 66/1143/100 47/1144/101 67/1145/102
f 47/1144/101 48/1146/103 67/1145/102
f 67/1145/102 48/1146/103 68/1147/104
f 48/1146/103 49/1148/105 68/1147/104
f 68/1147/104 49/1148/105 69/1149/106
f 49/36/105 50/30/107 69/34/106
f 69/34/106 50/30/107 70/32/108
f 50/30/107 51/31/109 70/32/108
f 70/32/108 51/31/109 71/33/110
f 51/31/109 52/35/111 71/33/110
f 71/33/110 52/35/111 72/37/112
f 52/35/111 53/38/113 72/37/112
f 72/37/112 53/38/113 73/39/114
f 53/38/113 54/40/115 73/39/114
f 73/39/114 54/40/115 74/41/116
f 54/40/115 55/42/117 74/41/116
f 74/41/116 55/42/117 75/43/118
f 55/1150/117 56/1151/119 75/1152/118
f 75/1152/118 56/1151/119 76/1153/120
f 56/1151/119 57/1154/121 76/1153/120
f 76/1153/120 57/1154/121 77/1155/122
f 57/1154/121 58/1156/123 77/1155/122
f 77/1155/122 58/1156/123 78/1157/124
f 58/1156/123 59/1158/125 78/1157/124
f 78/1157/124 59/1158/125 79/1159/126
f 59/29/125 60/27/127 79/28/126
f 79/28/126 60/27/127 80/26/128
f 60/27/127 61/25/129 80/26/128
f 80/26/128 61/25/129 81/24/130
f 61/25/129 62/22/131 81/24/130
f 81/24/130 62/22/131 82/20/132
f 62/22/131 43/16/93 82/20/132
f 82/20/132 43/16/93 63/18/95
s 19
f 63/433/133 64/434/134 83/435/135
f 83/435/135 64/434/134 84/436/136
f 64/434/134 65/438/137 84/436/136
f 84/436/136 65/438/137 85/441/138
f 65/438/137 66/443/139 85/441/138
f 85/441/138 66/443/139 86/444/140
f 66/443/139 67/449/141 86/444/140
f 86/444/140 67/449/141 87/447/142
f 67/449/141 68/453/143 87/447/142
f 87/447/142 68/453/143 88/450/144
f 68/453/143 69/457/145 88/450/144
f 88/450/144 69/457/145 89/454/146
f 69/457/145 70/461/147 89/454/146
f 89/454/146 70/461/147 90/458/148
f 70/461/147 71/465/149 90/458/148
f 90/458/148 71/465/149 91/462/150
f 71/465/149 72/469/151 91/462/150
f 91/462/150 72/469/151 92/466/152
f 72/469/151 73/472/153 92/466/152
f 92/466/152 73/472/153 93/470/154
f 73/472/153 74/473/155 93/470/154
f 93/470/154 74/473/155 94/468/156
f 74/473/155 75/471/157 94/468/156
f 94/468/156 75/471/157 95/464/158
f 75/471/157 76/467/159 95/464/158
f 95/464/158 76/467/159 96/460/160
f 76/467/159 77/463/161 96/460/160
f 96/460/160 77/463/161 97/456/162
f 77/463/161 78/459/163 97/456/162
f 97/456/162 78/459/163 98/452/164
f 78/459/163 79/455/165 98/452/164
f 98/452/164 79/455/165 99/448/166
f 79/455/165 80/451/167 99/448/166
f 99/448/166 80/451/167 100/446/168
f 80/451/167 81/445/169 100/446/168
f 100/446/168 81/445/169 101/442/170
f 81/445/169 82/440/171 101/442/170
f 101/442/170 82/440/171 102/437/172
f 82/440/171 63/433/133 102/437/172
f 102/437/172 63/433/133 83/435/135
f 83/435/135 84/436/136 103/439/173
f 84/436/136 85/441/138 103/439/173
f 85/441/138 86/444/140 103/439/173
f 86/444/140 87/447/142 103/439/173
f 87/447/142 88/450/144 103/439/173
f 88/450/144 89/454/146 103/439/173
f 89/454/146 90/458/148 103/439/173
f 90/458/148 91/462/150 103/439/173
f 91/462/150 92/466/152 103/439/173
f 92/466/152 93/470/154 103/439/173
f 93/470/154 94/468/156 103/439/173
f 94/468/156 95/464/158 103/439/173
f 95/464/158 96/460/160 103/439/173
f 96/460/160 97/456/162 103/439/173
f 97/456/162 98/452/164 103/439/173
f 98/452/164 99/448/166 103/439/173
f 99/448/166 100/446/168 103/439/173
f 100/446/168 101/442/170 103/439/173
f 101/442/170 102/437/172 103/439/173
f 102/437/172 83/435/135 103/439/173
s 20
f 104/474/174 105/475/175 112/476/176
f 112/476/176 105/475/175 113/478/177
f 105/475/175 106/481/178 113/478/177
f 113/478/177 106/481/178 114/486/179
f 106/481/178 107/485/180 114/486/179
f 114/486/179 107/485/180 115/494/181
f 107/485/180 108/491/182 115/494/181
f 115/494/181 108/491/182 116/498/183
f 108/491/182 109/490/184 116/498/183
f 116/498/183 109/490/184 117/493/185
f 109/490/184 110/484/186 117/493/185
f 117/493/185 110/484/186 118/488/187
f 110/484/186 111/480/188 118/488/187
f 118/488/187 111/480/188 119/479/189
f 111/480/188 104/474/174 119/479/189
f 119/479/189 104/474/174 112/476/176
f 112/476/176 113/478/177 120/482/190
f 120/482/190 113/478/177 121/487/191
f 113/478/177 114/486/179 121/487/191
f 121/487/191 114/486/179 122/495/192
f 114/486/179 115/494/181 122/495/192
f 122/495/192 115/494/181 123/501/193
f 115/494/181 116/498/183 123/501/193
f 123/501/193 116/498/183 124/500/194
f 116/498/183 117/493/185 124/500/194
f 124/500/194 117/493/185 125/499/195
f 118/488/187 126/489/196 117/493/185
f 117/493/185 126/489/196 125/499/195
f 118/488/187 119/479/189 126/489/196
f 126/489/196 119/479/189 127/483/197
f 119/479/189 112/476/176 127/483/197
f 127/483/197 112/476/176 120/482/190
f 120/44/190 121/45/191 128/46/198
f 128/46/198 121/45/191 129/47/199
f 121/45/191 122/48/192 129/47/199
f 129/506/199 122/495/192 130/505/200
f 123/501/193 131/503/201 122/495/192
f 122/495/192 131/503/201 130/505/200
f 123/501/193 124/500/194 131/503/201
f 131/503/201 124/500/194 132/504/202
f 124/500/194 125/499/195 132/504/202
f 132/504/202 125/499/195 133/502/203
f 126/489/196 134/497/204 125/499/195
f 125/499/195 134/497/204 133/502/203
f 127/483/197 135/492/205 126/489/196
f 126/489/196 135/492/205 134/497/204
f 120/1160/190 128/1161/198 127/1162/197
f 127/483/197 128/496/198 135/492/205
f 128/46/198 129/47/199 136/49/206
f 136/49/206 129/47/199 137/50/207
f 130/55/200 138/52/208 129/47/199
f 129/47/199 138/52/208 137/50/207
f 130/1163/200 131/1164/201 138/1165/208
f 138/1165/208 131/1164/201 139/1166/209
f 132/59/202 140/60/210 131/61/201
f 131/61/201 140/60/210 139/62/209
f 133/57/203 141/58/211 132/59/202
f 132/59/202 141/58/211 140/60/210
f 133/1167/203 134/1168/204 141/1169/211
f 141/1169/211 134/1168/204 142/1170/212
f 134/1168/204 135/1171/205 142/1170/212
f 142/1170/212 135/1171/205 143/1172/213
f 135/54/205 128/46/198 143/51/213
f 143/51/213 128/46/198 136/49/206
f 136/49/206 137/50/207 144/53/214
f 144/53/214 137/50/207 145/56/215
f 137/531/207 138/521/208 145/528/215
f 145/528/215 138/521/208 146/524/216
f 139/514/209 147/517/217 138/521/208
f 138/521/208 147/517/217 146/524/216
f 140/509/210 148/511/218 139/514/209
f 139/514/209 148/511/218 147/517/217
f 141/507/211 149/508/219 140/509/210
f 140/509/210 149/508/219 148/511/218
f 141/507/211 142/510/212 149/508/219
f 149/508/219 142/510/212 150/512/220
f 142/510/212 143/515/213 150/512/220
f 150/512/220 143/515/213 151/518/221
f 143/515/213 136/522/206 151/518/221
f 151/518/221 136/522/206 144/525/214
f 144/525/214 145/528/215 152/529/222
f 152/529/222 145/528/215 153/530/223
f 145/528/215 146/524/216 153/530/223
f 153/530/223 146/524/216 154/527/224
f 147/517/217 155/523/225 146/524/216
f 146/524/216 155/523/225 154/527/224
f 148/511/218 156/516/226 147/517/217
f 147/517/217 156/516/226 155/523/225
f 149/508/219 157/513/227 148/511/218
f 148/511/218 157/513/227 156/516/226
f 149/508/219 150/512/220 157/513/227
f 157/513/227 150/512/220 158/519/228
f 150/512/220 151/518/221 158/519/228
f 158/519/228 151/518/221 159/526/229
f 151/518/221 144/525/214 159/526/229
f 159/526/229 144/525/214 152/529/222
f 105/475/175 104/474/174 160/477/230
f 106/481/178 105/475/175 160/477/230
f 107/485/180 106/481/178 160/477/230
f 108/491/182 107/485/180 160/477/230
f 109/490/184 108/491/182 160/477/230
f 110/484/186 109/490/184 160/477/230
f 111/480/188 110/484/186 160/477/230
f 104/474/174 111/480/188 160/477/230
f 152/529/222 153/530/223 161/520/231
f 153/530/223 154/527/224 161/520/231
f 154/527/224 155/523/225 161/520/231
f 155/523/225 156/516/226 161/520/231
f 156/516/226 157/513/227 161/520/231
f 157/513/227 158/519/228 161/520/231
f 158/519/228 159/526/229 161/520/231
f 159/526/229 152/529/222 161/520/231
s 21
f 162/532/232 163/533/233 170/534/234
f 170/534/234 163/533/233 171/536/235
f 163/533/233 164/539/236 171/536/235
f 171/536/235 164/539/236 172/544/237
f 164/539/236 165/543/238 172/544/237
f 172/544/237 165/543/238 173/552/239
f 165/543/238 166/549/240 173/552/239
f 173/552/239 166/549/240 174/556/241
f 166/549/240 167/548/242 174/556/241
f 174/556/241 167/548/242 175/551/243
f 167/548/242 168/542/244 175/551/243
f 175/551/243 168/542/244 176/546/245
f 168/542/244 169/538/246 176/546/245
f 176/546/245 169/538/246 177/537/247
f 169/538/246 162/532/232 177/537/247
f 177/537/247 162/532/232 170/534/234
f 170/534/234 171/536/235 178/540/248
f 178/540/248 171/536/235 179/545/249
f 171/536/235 172/544/237 179/545/249
f 179/545/249 172/544/237 180/553/250
f 172/544/237 173/552/239 180/553/250
f 180/553/250 173/552/239 181/559/251
f 173/552/239 174/556/241 181/559/251
f 181/559/251 174/556/241 182/558/252
f 174/556/241 175/551/243 182/558/252
f 182/558/252 175/551/243 183/555/253
f 176/546/245 184/547/254 175/551/243
f 175/551/243 184/547/254 183/555/253
f 176/546/245 177/537/247 184/547/254
f 184/547/254 177/537/247 185/541/255
f 177/537/247 170/534/234 185/541/255
f 185/541/255 170/534/234 178/540/248
f 179/69/249 187/67/256 178/64/248
f 178/64/248 187/67/256 186/65/257
f 179/1173/249 180/1174/250 187/1175/256
f 187/561/256 180/562/250 188/563/258
f 181/91/251 189/84/259 180/94/250
f 180/562/250 189/564/259 188/563/258
f 181/91/251 182/87/252 189/84/259
f 189/84/259 182/87/252 190/82/260
f 182/558/252 183/555/253 190/560/260
f 190/560/260 183/555/253 191/557/261
f 184/547/254 192/550/262 183/555/253
f 183/555/253 192/550/262 191/557/261
f 184/547/254 185/541/255 192/550/262
f 192/550/262 185/541/255 193/554/263
f 185/66/255 178/64/248 193/63/263
f 193/63/263 178/64/248 186/65/257
f 186/65/257 187/67/256 194/70/264
f 194/70/264 187/67/256 195/72/265
f 188/1176/258 196/1177/266 187/1178/256
f 187/1178/256 196/1177/266 195/1179/265
f 188/93/258 189/84/259 196/90/266
f 196/90/266 189/84/259 197/86/267
f 190/82/260 198/83/268 189/84/259
f 189/84/259 198/83/268 197/86/267
f 190/82/260 191/85/261 198/83/268
f 198/83/268 191/85/261 199/88/269
f 192/1180/262 200/1181/270 191/1182/261
f 191/1182/261 200/1181/270 199/1183/269
f 192/74/262 193/63/263 200/71/270
f 200/71/270 193/63/263 201/68/271
f 193/63/263 186/65/257 201/68/271
f 201/68/271 186/65/257 194/70/264
f 194/565/264 195/566/265 202/567/272
f 202/567/272 195/566/265 203/568/273
f 196/571/266 204/569/274 195/566/265
f 195/566/265 204/569/274 203/568/273
f 197/86/267 205/92/275 196/90/266
f 196/90/266 205/92/275 204/97/274
f 198/83/268 206/89/276 197/86/267
f 197/86/267 206/89/276 205/92/275
f 198/83/268 199/88/269 206/89/276
f 206/89/276 199/88/269 207/95/277
f 200/1181/270 208/1184/278 199/1183/269
f 199/81/269 208/75/278 207/80/277
f 200/71/270 201/68/271 208/75/278
f 208/75/278 201/68/271 209/73/279
f 201/68/271 194/70/264 209/73/279
f 209/73/279 194/70/264 202/76/272
f 202/567/272 203/568/273 210/570/280
f 210/570/280 203/568/273 211/573/281
f 204/569/274 212/572/282 203/568/273
f 203/568/273 212/572/282 211/573/281
f 205/576/275 213/574/283 204/569/274
f 204/569/274 213/574/283 212/572/282
f 205/92/275 206/89/276 213/96/283
f 213/574/283 206/580/276 214/578/284
f 206/580/276 207/582/277 214/578/284
f 214/578/284 207/582/277 215/581/285
f 208/75/278 216/78/286 207/80/277
f 207/582/277 216/579/286 215/581/285
f 208/75/278 209/73/279 216/78/286
f 216/78/286 209/73/279 217/77/287
f 209/73/279 202/76/272 217/77/287
f 217/77/287 202/76/272 210/79/280
f 163/533/233 162/532/232 218/535/288
f 164/539/236 163/533/233 218/535/288
f 165/543/238 164/539/236 218/535/288
f 166/549/240 165/543/238 218/535/288
f 167/548/242 166/549/240 218/535/288
f 168/542/244 167/548/242 218/535/288
f 169/538/246 168/542/244 218/535/288
f 162/532/232 169/538/246 218/535/288
f 210/570/280 211/573/281 219/575/289
f 211/573/281 212/572/282 219/575/289
f 212/572/282 213/574/283 219/575/289
f 213/574/283 214/578/284 219/575/289
f 214/578/284 215/581/285 219/575/289
f 215/581/285 216/579/286 219/575/289
f 216/579/286 217/577/287 219/575/289
f 217/577/287 210/570/280 219/575/289
s 22
f 220/583/290 221/584/291 228/585/292
f 228/585/292 221/584/291 229/587/293
f 221/584/291 222/590/294 229/587/293
f 229/587/293 222/590/294 230/595/295
f 222/590/294 223/594/296 230/595/295
f 230/595/295 223/594/296 231/604/297
f 223/594/296 224/600/298 231/604/297
f 231/604/297 224/600/298 232/607/299
f 224/600/298 225/599/300 232/607/299
f 232/607/299 225/599/300 233/603/301
f 225/599/300 226/593/302 233/603/301
f 233/603/301 226/593/302 234/597/303
f 226/593/302 227/589/304 234/597/303
f 234/597/303 227/589/304 235/588/305
f 227/589/304 220/583/290 235/588/305
f 235/588/305 220/583/290 228/585/292
f 228/585/292 229/587/293 236/591/306
f 236/591/306 229/587/293 237/596/307
f 229/587/293 230/595/295 237/596/307
f 237/596/307 230/595/295 238/605/308
f 230/595/295 231/604/297 238/605/308
f 238/605/308 231/604/297 239/610/309
f 232/607/299 240/609/310 231/604/297
f 231/604/297 240/609/310 239/610/309
f 232/607/299 233/603/301 240/609/310
f 240/609/310 233/603/301 241/606/311
f 234/597/303 242/598/312 233/603/301
f 233/603/301 242/598/312 241/606/311
f 234/597/303 235/588/305 242/598/312
f 242/598/312 235/588/305 243/592/313
f 235/588/305 228/585/292 243/592/313
f 243/592/313 228/585/292 236/591/306
f 237/98/307 245/99/314 236/100/306
f 236/100/306 245/99/314 244/101/315
f 237/1185/307 238/1186/308 245/1187/314
f 245/613/314 238/605/308 246/611/316
f 238/605/308 239/610/309 246/611/316
f 246/611/316 239/610/309 247/612/317
f 240/118/310 248/110/318 239/120/309
f 239/610/309 248/614/318 247/612/317
f 240/118/310 241/115/311 248/110/318
f 248/110/318 241/115/311 249/113/319
f 242/598/312 250/602/320 241/606/311
f 241/606/311 250/602/320 249/608/319
f 242/598/312 243/592/313 250/602/320
f 250/602/320 243/592/313 251/601/321
f 243/592/313 236/591/306 251/601/321
f 251/103/321 236/100/306 244/101/315
f 244/101/315 245/99/314 252/102/322
f 252/102/322 245/99/314 253/104/323
f 246/108/316 254/106/324 245/99/314
f 245/99/314 254/106/324 253/104/323
f 247/1188/317 255/1189/325 246/1190/316
f 246/1190/316 255/1189/325 254/1191/324
f 248/110/318 256/111/326 247/112/317
f 247/112/317 256/111/326 255/114/325
f 248/110/318 249/113/319 256/111/326
f 256/111/326 249/113/319 257/116/327
f 250/1192/320 258/1193/328 249/1194/319
f 249/1194/319 258/1193/328 257/1196/327
f 250/1192/320 251/1195/321 258/1193/328
f 258/1193/328 251/1195/321 259/1197/329
f 251/103/321 244/101/315 259/105/329
f 259/105/329 244/101/315 252/102/322
f 252/102/322 253/104/323 260/107/330
f 260/107/330 253/104/323 261/109/331
f 254/618/324 262/616/332 253/615/323
f 253/615/323 262/616/332 261/617/331
f 255/623/325 263/620/333 254/618/324
f 254/618/324 263/620/333 262/616/332
f 255/114/325 256/111/326 263/117/333
f 263/117/333 256/111/326 264/119/334
f 256/111/326 257/116/327 264/119/334
f 264/119/334 257/116/327 265/121/335
f 258/638/328 266/634/336 257/637/327
f 257/637/327 266/634/336 265/633/335
f 258/638/328 259/636/329 266/634/336
f 266/634/336 259/636/329 267/632/337
f 259/636/329 252/635/322 267/632/337
f 267/632/337 252/635/322 260/628/330
f 260/628/330 261/617/331 268/625/338
f 268/625/338 261/617/331 269/622/339
f 262/616/332 270/619/340 261/617/331
f 261/617/331 270/619/340 269/622/339
f 263/620/333 271/621/341 262/616/332
f 262/616/332 271/621/341 270/619/340
f 263/620/333 264/626/334 271/621/341
f 271/621/341 264/626/334 272/627/342
f 265/633/335 273/629/343 264/626/334
f 264/626/334 273/629/343 272/627/342
f 266/634/336 274/631/344 265/633/335
f 265/633/335 274/631/344 273/629/343
f 267/632/337 275/630/345 266/634/336
f 266/634/336 275/630/345 274/631/344
f 267/632/337 260/628/330 275/630/345
f 275/630/345 260/628/330 268/625/338
f 221/584/291 220/583/290 276/586/346
f 222/590/294 221/584/291 276/586/346
f 223/594/296 222/590/294 276/586/346
f 224/600/298 223/594/296 276/586/346
f 225/599/300 224/600/298 276/586/346
f 226/593/302 225/599/300 276/586/346
f 227/589/304 226/593/302 276/586/346
f 220/583/290 227/589/304 276/586/346
f 268/625/338 269/622/339 277/624/347
f 269/622/339 270/619/340 277/624/347
f 270/619/340 271/621/341 277/624/347
f 271/621/341 272/627/342 277/624/347
f 272/627/342 273/629/343 277/624/347
f 273/629/343 274/631/344 277/624/347
f 274/631/344 275/630/345 277/624/347
f 275/630/345 268/625/338 277/624/347
s 23
f 278/639/348 279/640/349 286/641/350
f 286/641/350 279/640/349 287/643/351
f 279/640/349 280/646/352 287/643/351
f 287/643/351 280/646/352 288/651/353
f 280/646/352 281/650/354 288/651/353
f 288/651/353 281/650/354 289/659/355
f 281/650/354 282/656/356 289/659/355
f 289/659/355 282/656/356 290/663/357
f 282/656/356 283/655/358 290/663/357
f 290/663/357 283/655/358 291/658/359
f 283/655/358 284/649/360 291/658/359
f 291/658/359 284/649/360 292/653/361
f 284/649/360 285/645/362 292/653/361
f 292/653/361 285/645/362 293/644/363
f 285/645/362 278/639/348 293/644/363
f 293/644/363 278/639/348 286/641/350
f 286/641/350 287/643/351 294/647/364
f 294/647/364 287/643/351 295/652/365
f 287/643/351 288/651/353 295/652/365
f 295/652/365 288/651/353 296/660/366
f 288/651/353 289/659/355 296/660/366
f 296/660/366 289/659/355 297/666/367
f 289/659/355 290/663/357 297/666/367
f 297/666/367 290/663/357 298/665/368
f 290/663/357 291/658/359 298/665/368
f 298/665/368 291/658/359 299/664/369
f 292/653/361 300/654/370 291/658/359
f 291/658/359 300/654/370 299/664/369
f 292/653/361 293/644/363 300/654/370
f 300/654/370 293/644/363 301/648/371
f 293/644/363 286/641/350 301/648/371
f 301/648/371 286/641/350 294/647/364
f 294/1198/364 295/1199/365 302/1200/372
f 302/1200/372 295/1199/365 303/1201/373
f 295/122/365 296/123/366 303/124/373
f 303/671/373 296/660/366 304/670/374
f 297/666/367 305/668/375 296/660/366
f 296/660/366 305/668/375 304/670/374
f 297/666/367 298/665/368 305/668/375
f 305/668/375 298/665/368 306/669/376
f 298/665/368 299/664/369 306/669/376
f 306/669/376 299/664/369 307/667/377
f 300/654/370 308/662/378 299/664/369
f 299/664/369 308/662/378 307/667/377
f 301/648/371 309/657/379 300/654/370
f 300/654/370 309/657/379 308/662/378
f 294/1198/364 302/1200/372 301/1202/371
f 301/648/371 302/661/372 309/657/379
f 302/1200/372 303/1201/373 310/1203/380
f 310/1203/380 303/1201/373 311/1204/381
f 304/125/374 312/126/382 303/127/373
f 303/127/373 312/126/382 311/129/381
f 304/125/374 305/128/375 312/126/382
f 312/126/382 305/128/375 313/130/383
f 306/1207/376 314/1208/384 305/1209/375
f 305/1209/375 314/1208/384 313/1211/383
f 307/1212/377 315/1210/385 306/1207/376
f 306/1207/376 315/1210/385 314/1208/384
f 307/134/377 308/135/378 315/136/385
f 315/136/385 308/135/378 316/137/386
f 308/135/378 309/138/379 316/137/386
f 316/137/386 309/138/379 317/139/387
f 309/1206/379 302/1200/372 317/1205/387
f 317/1205/387 302/1200/372 310/1203/380
f 310/686/380 311/692/381 318/688/388
f 318/1213/388 311/1214/381 319/1215/389
f 311/129/381 312/126/382 319/131/389
f 319/131/389 312/126/382 320/133/390
f 313/130/383 321/132/391 312/126/382
f 312/126/382 321/132/391 320/133/390
f 314/674/384 322/676/392 313/679/383
f 313/679/383 322/676/392 321/682/391
f 315/672/385 323/673/393 314/674/384
f 314/674/384 323/673/393 322/676/392
f 315/672/385 316/675/386 323/673/393
f 323/673/393 316/675/386 324/677/394
f 316/675/386 317/680/387 324/677/394
f 324/677/394 317/680/387 325/683/395
f 317/680/387 310/686/380 325/683/395
f 325/683/395 310/686/380 318/688/388
f 318/688/388 319/695/389 326/693/396
f 326/693/396 319/695/389 327/694/397
f 319/695/389 320/691/390 327/694/397
f 327/694/397 320/691/390 328/690/398
f 321/682/391 329/687/399 320/691/390
f 320/691/390 329/687/399 328/690/398
f 322/676/392 330/681/400 321/682/391
f 321/682/391 330/681/400 329/687/399
f 323/673/393 331/678/401 322/676/392
f 322/676/392 331/678/401 330/681/400
f 323/673/393 324/677/394 331/678/401
f 331/678/401 324/677/394 332/684/402
f 324/677/394 325/683/395 332/684/402
f 332/684/402 325/683/395 333/689/403
f 325/683/395 318/688/388 333/689/403
f 333/689/403 318/688/388 326/693/396
f 279/640/349 278/639/348 334/642/404
f 280/646/352 279/640/349 334/642/404
f 281/650/354 280/646/352 334/642/404
f 282/656/356 281/650/354 334/642/404
f 283/655/358 282/656/356 334/642/404
f 284/649/360 283/655/358 334/642/404
f 285/645/362 284/649/360 334/642/404
f 278/639/348 285/645/362 334/642/404
f 326/693/396 327/694/397 335/685/405
f 327/694/397 328/690/398 335/685/405
f 328/690/398 329/687/399 335/685/405
f 329/687/399 330/681/400 335/685/405
f 330/681/400 331/678/401 335/685/405
f 331/678/401 332/684/402 335/685/405
f 332/684/402 333/689/403 335/685/405
f 333/689/403 326/693/396 335/685/405
s 24
f 336/696/406 337/697/407 344/698/408
f 344/698/408 337/697/407 345/700/409
f 337/697/407 338/703/410 345/700/409
f 345/700/409 338/703/410 346/708/411
f 338/703/410 339/707/412 346/708/411
f 346/708/411 339/707/412 347/716/413
f 339/707/412 340/713/414 347/716/413
f 347/716/413 340/713/414 348/720/415
f 340/713/414 341/712/416 348/720/415
f 348/720/415 341/712/416 349/715/417
f 341/712/416 342/706/418 349/715/417
f 349/715/417 342/706/418 350/710/419
f 342/706/418 343/702/420 350/710/419
f 350/710/419 343/702/420 351/701/421
f 343/702/420 336/696/406 351/701/421
f 351/701/421 336/696/406 344/698/408
f 344/698/408 345/700/409 352/704/422
f 352/704/422 345/700/409 353/709/423
f 345/700/409 346/708/411 353/709/423
f 353/709/423 346/708/411 354/717/424
f 346/708/411 347/716/413 354/717/424
f 354/717/424 347/716/413 355/723/425
f 348/720/415 356/722/426 347/716/413
f 347/716/413 356/722/426 355/723/425
f 348/720/415 349/715/417 356/722/426
f 356/722/426 349/715/417 357/719/427
f 350/710/419 358/711/428 349/715/417
f 349/715/417 358/711/428 357/719/427
f 350/710/419 351/701/421 358/711/428
f 358/711/428 351/701/421 359/705/429
f 351/701/421 344/698/408 359/705/429
f 359/705/429 344/698/408 352/704/422
f 353/140/423 361/141/430 352/142/422
f 352/142/422 361/141/430 360/143/431
f 353/1216/423 354/1217/424 361/1218/430
f 361/726/430 354/717/424 362/724/432
f 354/717/424 355/723/425 362/724/432
f 362/724/432 355/723/425 363/725/433
f 356/165/426 364/155/434 355/160/425
f 355/160/425 364/155/434 363/157/433
f 356/165/426 357/161/427 364/155/434
f 364/155/434 357/161/427 365/158/435
f 358/711/428 366/714/436 357/719/427
f 357/719/427 366/714/436 365/721/435
f 358/711/428 359/705/429 366/714/436
f 366/714/436 359/705/429 367/718/437
f 359/148/429 352/142/422 367/145/437
f 367/145/437 352/142/422 360/143/431
f 360/143/431 361/141/430 368/144/438
f 368/144/438 361/141/430 369/146/439
f 362/1219/432 370/1220/440 361/1221/430
f 361/1221/430 370/1220/440 369/1223/439
f 363/157/433 371/159/441 362/164/432
f 362/1219/432 371/1222/441 370/1220/440
f 364/155/434 372/156/442 363/157/433
f 363/157/433 372/156/442 371/159/441
f 364/155/434 365/158/435 372/156/442
f 372/156/442 365/158/435 373/162/443
f 366/1226/436 374/1227/444 365/1228/435
f 365/1228/435 374/1227/444 373/1229/443
f 366/154/436 367/145/437 374/151/444
f 374/151/444 367/145/437 375/147/445
f 367/145/437 360/143/431 375/147/445
f 375/147/445 360/143/431 368/144/438
f 368/144/438 369/146/439 376/149/446
f 376/149/446 369/146/439 377/152/447
f 370/742/440 378/735/448 369/739/439
f 369/739/439 378/735/448 377/728/447
f 371/1222/441 379/1224/449 370/1220/440
f 370/1220/440 379/1224/449 378/1225/448
f 371/159/441 372/156/442 379/163/449
f 379/163/449 372/156/442 380/166/450
f 372/156/442 373/162/443 380/166/450
f 380/166/450 373/162/443 381/167/451
f 374/1227/444 382/1230/452 373/1229/443
f 373/1229/443 382/1230/452 381/1231/451
f 374/151/444 375/147/445 382/153/452
f 382/153/452 375/147/445 383/150/453
f 375/147/445 368/144/438 383/150/453
f 383/150/453 368/144/438 376/149/446
f 376/727/446 377/728/447 384/729/454
f 384/729/454 377/728/447 385/730/455
f 378/735/448 386/732/456 377/728/447
f 377/728/447 386/732/456 385/730/455
f 379/741/449 387/738/457 378/735/448
f 378/735/448 387/738/457 386/732/456
f 379/741/449 380/745/450 387/738/457
f 387/170/457 380/166/450 388/169/458
f 381/167/451 389/168/459 380/166/450
f 380/166/450 389/168/459 388/169/458
f 382/736/452 390/737/460 381/744/451
f 381/744/451 390/737/460 389/740/459
f 383/734/453 391/731/461 382/736/452
f 382/736/452 391/731/461 390/737/460
f 383/734/453 376/727/446 391/731/461
f 391/731/461 376/727/446 384/729/454
f 337/697/407 336/696/406 392/699/462
f 338/703/410 337/697/407 392/699/462
f 339/707/412 338/703/410 392/699/462
f 340/713/414 339/707/412 392/699/462
f 341/712/416 340/713/414 392/699/462
f 342/706/418 341/712/416 392/699/462
f 343/702/420 342/706/418 392/699/462
f 336/696/406 343/702/420 392/699/462
f 384/729/454 385/730/455 393/733/463
f 385/730/455 386/732/456 393/733/463
f 386/732/456 387/738/457 393/733/463
f 387/738/457 388/743/458 393/733/463
f 388/743/458 389/740/459 393/733/463
f 389/740/459 390/737/460 393/733/463
f 390/737/460 391/731/461 393/733/463
f 391/731/461 384/729/454 393/733/463
s 25
f 394/746/464 395/747/465 402/748/466
f 402/748/466 395/747/465 403/750/467
f 395/747/465 396/753/468 403/750/467
f 403/750/467 396/753/468 404/758/469
f 396/753/468 397/757/470 404/758/469
f 404/758/469 397/757/470 405/766/471
f 397/757/470 398/763/472 405/766/471
f 405/766/471 398/763/472 406/770/473
f 398/763/472 399/762/474 406/770/473
f 406/770/473 399/762/474 407/765/475
f 399/762/474 400/756/476 407/765/475
f 407/765/475 400/756/476 408/760/477
f 400/756/476 401/752/478 408/760/477
f 408/760/477 401/752/478 409/751/479
f 401/752/478 394/746/464 409/751/479
f 409/751/479 394/746/464 402/748/466
f 402/748/466 403/750/467 410/754/480
f 410/754/480 403/750/467 411/759/481
f 403/750/467 404/758/469 411/759/481
f 411/759/481 404/758/469 412/767/482
f 404/758/469 405/766/471 412/767/482
f 412/767/482 405/766/471 413/773/483
f 405/766/471 406/770/473 413/773/483
f 413/773/483 406/770/473 414/772/484
f 406/770/473 407/765/475 414/772/484
f 414/772/484 407/765/475 415/771/485
f 408/760/477 416/761/486 407/765/475
f 407/765/475 416/761/486 415/771/485
f 408/760/477 409/751/479 416/761/486
f 416/761/486 409/751/479 417/755/487
f 409/751/479 402/748/466 417/755/487
f 417/755/487 402/748/466 410/754/480
f 410/1232/480 411/1233/481 418/1234/488
f 418/1234/488 411/1233/481 419/1235/489
f 411/171/481 412/172/482 419/173/489
f 419/778/489 412/767/482 420/777/490
f 413/773/483 421/775/491 412/767/482
f 412/767/482 421/775/491 420/777/490
f 413/773/483 414/772/484 421/775/491
f 421/775/491 414/772/484 422/776/492
f 414/772/484 415/771/485 422/776/492
f 422/776/492 415/771/485 423/774/493
f 416/761/486 424/769/494 415/771/485
f 415/771/485 424/769/494 423/774/493
f 417/755/487 425/764/495 416/761/486
f 416/761/486 425/764/495 424/769/494
f 410/1232/480 418/1234/488 417/1236/487
f 417/755/487 418/768/488 425/764/495
f 418/1234/488 419/1235/489 426/1237/496
f 426/181/496 419/176/489 427/178/497
f 420/174/490 428/175/498 419/176/489
f 419/176/489 428/175/498 427/178/497
f 420/174/490 421/177/491 428/175/498
f 428/175/498 421/177/491 429/179/499
f 422/1240/492 430/1241/500 421/1242/491
f 421/1242/491 430/1241/500 429/1244/499
f 423/1245/493 431/1243/501 422/1240/492
f 422/1240/492 431/1243/501 430/1241/500
f 423/184/493 424/185/494 431/186/501
f 431/186/501 424/185/494 432/187/502
f 424/185/494 425/188/495 432/187/502
f 432/187/502 425/188/495 433/189/503
f 425/1239/495 418/1234/488 433/1238/503
f 433/1238/503 418/1234/488 426/1237/496
f 426/801/496 427/802/497 434/798/504
f 434/1246/504 427/1247/497 435/1248/505
f 427/178/497 428/175/498 435/180/505
f 435/180/505 428/175/498 436/183/506
f 429/179/499 437/182/507 428/175/498
f 428/175/498 437/182/507 436/183/506
f 430/781/500 438/783/508 429/786/499
f 429/786/499 438/783/508 437/789/507
f 431/779/501 439/780/509 430/781/500
f 430/781/500 439/780/509 438/783/508
f 431/779/501 432/782/502 439/780/509
f 439/780/509 432/782/502 440/784/510
f 432/782/502 433/1395/503 440/784/510
f 440/193/510 433/194/503 441/191/511
f 433/787/503 426/801/496 441/799/511
f 441/799/511 426/801/496 434/798/504
f 434/798/504 435/800/505 442/796/512
f 442/796/512 435/800/505 443/797/513
f 435/800/505 436/795/506 443/797/513
f 443/797/513 436/795/506 444/794/514
f 437/789/507 445/792/515 436/795/506
f 436/795/506 445/792/515 444/794/514
f 438/783/508 446/788/516 437/789/507
f 437/789/507 446/788/516 445/792/515
f 439/780/509 447/785/517 438/783/508
f 438/783/508 447/785/517 446/788/516
f 439/780/509 440/784/510 447/785/517
f 447/195/517 440/193/510 448/190/518
f 440/193/510 441/191/511 448/190/518
f 448/190/518 441/191/511 449/192/519
f 441/799/511 434/798/504 449/793/519
f 449/793/519 434/798/504 442/796/512
f 395/747/465 394/746/464 450/749/520
f 396/753/468 395/747/465 450/749/520
f 397/757/470 396/753/468 450/749/520
f 398/763/472 397/757/470 450/749/520
f 399/762/474 398/763/472 450/749/520
f 400/756/476 399/762/474 450/749/520
f 401/752/478 400/756/476 450/749/520
f 394/746/464 401/752/478 450/749/520
f 442/796/512 443/797/513 451/790/521
f 443/797/513 444/794/514 451/790/521
f 444/794/514 445/792/515 451/790/521
f 445/792/515 446/788/516 451/790/521
f 446/788/516 447/785/517 451/790/521
f 447/785/517 448/791/518 451/790/521
f 448/791/518 449/793/519 451/790/521
f 449/793/519 442/796/512 451/790/521
s 26
f 452/803/522 453/804/523 460/805/524
f 460/805/524 453/804/523 461/807/525
f 453/804/523 454/810/526 461/807/525
f 461/807/525 454/810/526 462/815/527
f 454/810/526 455/814/528 462/815/527
f 462/815/527 455/814/528 463/823/529
f 455/814/528 456/820/530 463/823/529
f 463/823/529 456/820/530 464/828/531
f 456/820/530 457/819/532 464/828/531
f 464/828/531 457/819/532 465/822/533
f 457/819/532 458/813/534 465/822/533
f 465/822/533 458/813/534 466/817/535
f 458/813/534 459/809/536 466/817/535
f 466/817/535 459/809/536 467/808/537
f 459/809/536 452/803/522 467/808/537
f 467/808/537 452/803/522 460/805/524
f 460/805/524 461/807/525 468/811/538
f 468/811/538 461/807/525 469/816/539
f 461/807/525 462/815/527 469/816/539
f 469/816/539 462/815/527 470/824/540
f 462/815/527 463/823/529 470/824/540
f 470/824/540 463/823/529 471/831/541
f 463/823/529 464/828/531 471/831/541
f 471/831/541 464/828/531 472/834/542
f 465/1249/533 473/1250/543 464/1251/531
f 464/828/531 473/825/543 472/834/542
f 465/1249/533 466/1252/535 473/1250/543
f 473/825/543 466/817/535 474/818/544
f 466/817/535 467/808/537 474/818/544
f 474/818/544 467/808/537 475/812/545
f 467/808/537 460/805/524 475/812/545
f 475/812/545 460/805/524 468/811/538
f 468/1253/538 469/1254/539 476/1255/546
f 476/1255/546 469/1254/539 477/1256/547
f 469/816/539 470/824/540 477/829/547
f 477/829/547 470/824/540 478/832/548
f 470/824/540 471/831/541 478/832/548
f 478/832/548 471/831/541 479/835/549
f 472/834/542 480/833/550 471/831/541
f 471/831/541 480/833/550 479/835/549
f 472/834/542 473/825/543 480/833/550
f 480/833/550 473/825/543 481/830/551
f 473/825/543 474/818/544 481/830/551
f 481/830/551 474/818/544 482/827/552
f 475/812/545 483/821/553 474/818/544
f 474/818/544 483/821/553 482/827/552
f 468/1253/538 476/1255/546 475/1257/545
f 475/812/545 476/826/546 483/821/553
f 476/1255/546 477/1256/547 484/1258/554
f 484/1258/554 477/1256/547 485/1259/555
f 478/198/548 486/200/556 477/202/547
f 477/202/547 486/200/556 485/203/555
f 479/196/549 487/197/557 478/198/548
f 478/198/548 487/197/557 486/200/556
f 480/201/550 488/199/558 479/196/549
f 479/196/549 488/199/558 487/197/557
f 481/1260/551 489/1261/559 480/1262/550
f 480/1262/550 489/1261/559 488/1263/558
f 482/204/552 490/206/560 481/208/551
f 481/208/551 490/206/560 489/211/559
f 482/204/552 483/205/553 490/206/560
f 490/206/560 483/205/553 491/207/561
f 483/205/553 476/209/546 491/207/561
f 491/207/561 476/209/546 484/212/554
f 485/836/555 493/837/562 484/838/554
f 484/838/554 493/837/562 492/840/563
f 486/841/556 494/839/564 485/836/555
f 485/836/555 494/839/564 493/837/562
f 487/846/557 495/843/565 486/841/556
f 486/841/556 495/843/565 494/839/564
f 488/851/558 496/849/566 487/846/557
f 487/846/557 496/849/566 495/843/565
f 488/851/558 489/854/559 496/849/566
f 496/849/566 489/854/559 497/855/567
f 489/854/559 490/857/560 497/855/567
f 497/855/567 490/857/560 498/858/568
f 490/206/560 491/207/561 498/210/568
f 498/859/568 491/860/561 499/861/569
f 491/207/561 484/212/554 499/213/569
f 499/213/569 484/212/554 492/214/563
f 493/837/562 501/842/570 492/840/563
f 492/840/563 501/842/570 500/845/571
f 493/837/562 494/839/564 501/842/570
f 501/842/570 494/839/564 502/844/572
f 495/843/565 503/847/573 494/839/564
f 494/839/564 503/847/573 502/844/572
f 495/843/565 496/849/566 503/847/573
f 503/847/573 496/849/566 504/852/574
f 496/849/566 497/855/567 504/852/574
f 504/852/574 497/855/567 505/856/575
f 498/858/568 506/853/576 497/855/567
f 497/1384/567 506/1385/576 505/1386/575
f 498/1394/568 499/213/569 506/217/576
f 506/217/576 499/213/569 507/215/577
f 499/213/569 492/214/563 507/215/577
f 507/215/577 492/214/563 500/216/571
f 453/804/523 452/803/522 508/806/578
f 454/810/526 453/804/523 508/806/578
f 455/814/528 454/810/526 508/806/578
f 456/820/530 455/814/528 508/806/578
f 457/819/532 456/820/530 508/806/578
f 458/813/534 457/819/532 508/806/578
f 459/809/536 458/813/534 508/806/578
f 452/803/522 459/809/536 508/806/578
f 500/845/571 501/842/570 509/848/579
f 501/842/570 502/844/572 509/848/579
f 502/844/572 503/847/573 509/848/579
f 503/847/573 504/852/574 509/848/579
f 504/852/574 505/856/575 509/848/579
f 505/856/575 506/1392/576 509/848/579
f 506/1393/576 507/850/577 509/848/579
f 507/850/577 500/845/571 509/848/579
s 27
f 510/862/580 511/863/581 518/864/582
f 518/864/582 511/863/581 519/866/583
f 511/863/581 512/869/584 519/866/583
f 519/866/583 512/869/584 520/874/585
f 512/869/584 513/873/586 520/874/585
f 520/874/585 513/873/586 521/882/587
f 513/873/586 514/879/588 521/882/587
f 521/882/587 514/879/588 522/887/589
f 514/879/588 515/878/590 522/887/589
f 522/887/589 515/878/590 523/881/591
f 515/878/590 516/872/592 523/881/591
f 523/881/591 516/872/592 524/876/593
f 516/872/592 517/868/594 524/876/593
f 524/876/593 517/868/594 525/867/595
f 517/868/594 510/862/580 525/867/595
f 525/867/595 510/862/580 518/864/582
f 518/864/582 519/866/583 526/870/596
f 526/870/596 519/866/583 527/875/597
f 519/866/583 520/874/585 527/875/597
f 527/875/597 520/874/585 528/883/598
f 520/874/585 521/882/587 528/883/598
f 528/883/598 521/882/587 529/890/599
f 521/882/587 522/887/589 529/890/599
f 529/890/599 522/887/589 530/893/600
f 523/218/591 531/219/601 522/220/589
f 522/887/589 531/884/601 530/893/600
f 523/1264/591 524/1265/593 531/1266/601
f 531/884/601 524/876/593 532/877/602
f 524/876/593 525/867/595 532/877/602
f 532/877/602 525/867/595 533/871/603
f 525/867/595 518/864/582 533/871/603
f 533/871/603 518/864/582 526/870/596
f 526/221/596 527/222/597 534/223/604
f 534/223/604 527/222/597 535/224/605
f 527/875/597 528/883/598 535/888/605
f 535/888/605 528/883/598 536/891/606
f 528/883/598 529/890/599 536/891/606
f 536/891/606 529/890/599 537/894/607
f 530/893/600 538/892/608 529/890/599
f 529/890/599 538/892/608 537/894/607
f 530/893/600 531/884/601 538/892/608
f 538/892/608 531/884/601 539/889/609
f 531/884/601 532/877/602 539/889/609
f 539/889/609 532/877/602 540/886/610
f 533/871/603 541/880/611 532/877/602
f 532/877/602 541/880/611 540/886/610
f 526/221/596 534/223/604 533/225/603
f 533/871/603 534/885/604 541/880/611
f 534/223/604 535/224/605 542/226/612
f 542/226/612 535/224/605 543/227/613
f 536/1267/606 544/1268/614 535/1269/605
f 535/1269/605 544/1268/614 543/1271/613
f 537/1272/607 545/1270/615 536/1267/606
f 536/1267/606 545/1270/615 544/1268/614
f 538/242/608 546/244/616 537/247/607
f 537/247/607 546/244/616 545/248/615
f 539/240/609 547/241/617 538/242/608
f 538/242/608 547/241/617 546/244/616
f 540/245/610 548/243/618 539/240/609
f 539/240/609 548/243/618 547/241/617
f 540/234/610 541/230/611 548/232/618
f 548/232/618 541/230/611 549/228/619
f 541/230/611 534/223/604 549/228/619
f 549/228/619 534/223/604 542/226/612
f 543/227/613 551/229/620 542/226/612
f 542/226/612 551/229/620 550/231/621
f 544/895/614 552/896/622 543/897/613
f 543/897/613 552/896/622 551/899/620
f 545/900/615 553/898/623 544/895/614
f 544/895/614 553/898/623 552/896/622
f 546/244/616 554/246/624 545/248/615
f 545/900/615 554/903/624 553/898/623
f 546/244/616 547/241/617 554/246/624
f 554/903/624 547/910/617 555/908/625
f 547/910/617 548/913/618 555/908/625
f 555/908/625 548/913/618 556/915/626
f 548/232/618 549/228/619 556/235/626
f 556/235/626 549/228/619 557/233/627
f 549/1377/619 542/1378/612 557/1379/627
f 557/233/627 542/226/612 550/231/621
f 551/899/620 559/902/628 550/905/621
f 550/231/621 559/239/628 558/237/629
f 551/899/620 552/896/622 559/902/628
f 559/902/628 552/896/622 560/904/630
f 553/898/623 561/901/631 552/896/622
f 552/896/622 561/901/631 560/904/630
f 553/898/623 554/903/624 561/901/631
f 561/901/631 554/903/624 562/906/632
f 554/903/624 555/908/625 562/906/632
f 562/1276/632 555/1273/625 563/1275/633
f 556/915/626 564/914/634 555/908/625
f 555/1273/625 564/1274/634 563/1275/633
f 556/235/626 557/233/627 564/238/634
f 564/238/634 557/233/627 565/236/635
f 557/233/627 550/231/621 565/236/635
f 565/236/635 550/231/621 558/237/629
f 511/863/581 510/862/580 566/865/636
f 512/869/584 511/863/581 566/865/636
f 513/873/586 512/869/584 566/865/636
f 514/879/588 513/873/586 566/865/636
f 515/878/590 514/879/588 566/865/636
f 516/872/592 515/878/590 566/865/636
f 517/868/594 516/872/592 566/865/636
f 510/862/580 517/868/594 566/865/636
f 558/909/629 559/902/628 567/907/637
f 559/902/628 560/904/630 567/907/637
f 560/904/630 561/901/631 567/907/637
f 561/901/631 562/906/632 567/907/637
f 562/906/632 563/911/633 567/907/637
f 563/911/633 564/1390/634 567/907/637
f 564/1391/634 565/912/635 567/907/637
f 565/912/635 558/909/629 567/907/637
s 28
f 568/916/638 569/917/639 576/918/640
f 576/918/640 569/917/639 577/920/641
f 569/917/639 570/923/642 577/920/641
f 577/920/641 570/923/642 578/928/643
f 570/923/642 571/927/644 578/928/643
f 578/928/643 571/927/644 579/936/645
f 571/927/644 572/933/646 579/936/645
f 579/936/645 572/933/646 580/941/647
f 572/933/646 573/932/648 580/941/647
f 580/941/647 573/932/648 581/935/649
f 573/932/648 574/926/650 581/935/649
f 581/935/649 574/926/650 582/930/651
f 574/926/650 575/922/652 582/930/651
f 582/930/651 575/922/652 583/921/653
f 575/922/652 568/916/638 583/921/653
f 583/921/653 568/916/638 576/918/640
f 576/918/640 577/920/641 584/924/654
f 584/924/654 577/920/641 585/929/655
f 577/920/641 578/928/643 585/929/655
f 585/929/655 578/928/643 586/937/656
f 578/928/643 579/936/645 586/937/656
f 586/937/656 579/936/645 587/944/657
f 579/936/645 580/941/647 587/944/657
f 587/944/657 580/941/647 588/947/658
f 581/1277/649 589/1278/659 580/1279/647
f 580/941/647 589/938/659 588/947/658
f 581/249/649 582/250/651 589/251/659
f 589/938/659 582/930/651 590/931/660
f 582/930/651 583/921/653 590/931/660
f 590/931/660 583/921/653 591/925/661
f 583/921/653 576/918/640 591/925/661
f 591/925/661 576/918/640 584/924/654
f 584/1280/654 585/1281/655 592/1282/662
f 592/1282/662 585/1281/655 593/1283/663
f 585/929/655 586/937/656 593/942/663
f 593/942/663 586/937/656 594/945/664
f 586/937/656 587/944/657 594/945/664
f 594/945/664 587/944/657 595/948/665
f 588/947/658 596/946/666 587/944/657
f 587/944/657 596/946/666 595/948/665
f 588/947/658 589/938/659 596/946/666
f 596/946/666 589/938/659 597/943/667
f 589/938/659 590/931/660 597/943/667
f 597/943/667 590/931/660 598/940/668
f 591/925/661 599/934/669 590/931/660
f 590/931/660 599/934/669 598/940/668
f 584/1280/654 592/1282/662 591/1284/661
f 591/925/661 592/939/662 599/934/669
f 592/1282/662 593/1283/663 600/1285/670
f 600/1285/670 593/1283/663 601/1286/671
f 594/252/664 602/253/672 593/254/663
f 593/254/663 602/253/672 601/256/671
f 595/257/665 603/255/673 594/252/664
f 594/252/664 603/255/673 602/253/672
f 596/1291/666 604/1292/674 595/1293/665
f 595/1293/665 604/1292/674 603/1295/673
f 597/1296/667 605/1294/675 596/1291/666
f 596/1291/666 605/1294/675 604/1292/674
f 598/1298/668 606/1297/676 597/1296/667
f 597/1296/667 606/1297/676 605/1294/675
f 598/1290/668 599/1288/669 606/1289/676
f 606/1289/676 599/1288/669 607/1287/677
f 599/1288/669 592/1282/662 607/1287/677
f 607/1287/677 592/1282/662 600/1285/670
f 601/949/671 609/950/678 600/951/670
f 600/951/670 609/950/678 608/953/679
f 602/954/672 610/952/680 601/949/671
f 601/949/671 610/952/680 609/950/678
f 603/962/673 611/957/681 602/954/672
f 602/954/672 611/957/681 610/952/680
f 604/969/674 612/967/682 603/962/673
f 603/962/673 612/967/682 611/957/681
f 604/969/674 605/973/675 612/967/682
f 612/967/682 605/973/675 613/971/683
f 605/973/675 606/968/676 613/971/683
f 613/971/683 606/968/676 614/965/684
f 606/968/676 607/960/677 614/965/684
f 614/965/684 607/960/677 615/956/685
f 607/960/677 600/951/670 615/956/685
f 615/956/685 600/951/670 608/953/679
f 609/950/678 617/955/686 608/953/679
f 608/953/679 617/955/686 616/959/687
f 609/950/678 610/952/680 617/955/686
f 617/955/686 610/952/680 618/958/688
f 611/957/681 619/963/689 610/952/680
f 610/952/680 619/963/689 618/958/688
f 611/957/681 612/967/682 619/963/689
f 619/963/689 612/967/682 620/970/690
f 612/263/682 613/258/683 620/262/690
f 620/262/690 613/258/683 621/260/691
f 614/261/684 622/259/692 613/258/683
f 613/258/683 622/259/692 621/260/691
f 614/965/684 615/956/685 622/966/692
f 622/966/692 615/956/685 623/961/693
f 615/956/685 608/953/679 623/961/693
f 623/961/693 608/953/679 616/959/687
f 569/917/639 568/916/638 624/919/694
f 570/923/642 569/917/639 624/919/694
f 571/927/644 570/923/642 624/919/694
f 572/933/646 571/927/644 624/919/694
f 573/932/648 572/933/646 624/919/694
f 574/926/650 573/932/648 624/919/694
f 575/922/652 574/926/650 624/919/694
f 568/916/638 575/922/652 624/919/694
f 616/959/687 617/955/686 625/964/695
f 617/955/686 618/958/688 625/964/695
f 618/958/688 619/963/689 625/964/695
f 619/963/689 620/970/690 625/964/695
f 620/970/690 621/972/691 625/964/695
f 621/972/691 622/966/692 625/964/695
f 622/966/692 623/961/693 625/964/695
f 623/961/693 616/959/687 625/964/695
s 29
f 626/974/696 627/975/697 634/976/698
f 634/976/698 627/975/697 635/978/699
f 627/975/697 628/981/700 635/978/699
f 635/978/699 628/981/700 636/986/701
f 628/981/700 629/985/702 636/986/701
f 636/986/701 629/985/702 637/994/703
f 629/985/702 630/991/704 637/994/703
f 637/994/703 630/991/704 638/999/705
f 630/991/704 631/990/706 638/999/705
f 638/999/705 631/990/706 639/993/707
f 631/990/706 632/984/708 639/993/707
f 639/993/707 632/984/708 640/988/709
f 632/984/708 633/980/710 640/988/709
f 640/988/709 633/980/710 641/979/711
f 633/980/710 626/974/696 641/979/711
f 641/979/711 626/974/696 634/976/698
f 634/976/698 635/978/699 642/982/712
f 642/982/712 635/978/699 643/987/713
f 635/978/699 636/986/701 643/987/713
f 643/987/713 636/986/701 644/995/714
f 636/986/701 637/994/703 644/995/714
f 644/995/714 637/994/703 645/1002/715
f 637/994/703 638/999/705 645/1002/715
f 645/1002/715 638/999/705 646/1005/716
f 639/1299/707 647/1300/717 638/1301/705
f 638/999/705 647/996/717 646/1005/716
f 639/1299/707 640/1302/709 647/1300/717
f 647/996/717 640/988/709 648/989/718
f 640/988/709 641/979/711 648/989/718
f 648/989/718 641/979/711 649/983/719
f 641/979/711 634/976/698 649/983/719
f 649/983/719 634/976/698 642/982/712
f 642/1303/712 643/1304/713 650/1305/720
f 650/1305/720 643/1304/713 651/1306/721
f 643/987/713 644/995/714 651/1000/721
f 651/1000/721 644/995/714 652/1003/722
f 644/995/714 645/1002/715 652/1003/722
f 652/1003/722 645/1002/715 653/1006/723
f 646/1005/716 654/1004/724 645/1002/715
f 645/1002/715 654/1004/724 653/1006/723
f 646/1005/716 647/996/717 654/1004/724
f 654/1004/724 647/996/717 655/1001/725
f 647/996/717 648/989/718 655/1001/725
f 655/1001/725 648/989/718 656/998/726
f 649/983/719 657/992/727 648/989/718
f 648/989/718 657/992/727 656/998/726
f 642/1303/712 650/1305/720 649/1307/719
f 649/983/719 650/997/720 657/992/727
f 650/1305/720 651/1306/721 658/1308/728
f 658/1308/728 651/1306/721 659/1309/729
f 652/266/722 660/268/730 651/270/721
f 651/270/721 660/268/730 659/271/729
f 653/264/723 661/265/731 652/266/722
f 652/266/722 661/265/731 660/268/730
f 654/269/724 662/267/732 653/264/723
f 653/264/723 662/267/732 661/265/731
f 655/1310/725 663/1311/733 654/1312/724
f 654/1312/724 663/1311/733 662/1313/732
f 656/272/726 664/274/734 655/276/725
f 655/276/725 664/274/734 663/279/733
f 656/272/726 657/273/727 664/274/734
f 664/274/734 657/273/727 665/275/735
f 657/273/727 650/277/720 665/275/735
f 665/275/735 650/277/720 658/280/728
f 659/1007/729 667/1008/736 658/1009/728
f 658/1009/728 667/1008/736 666/1011/737
f 660/1012/730 668/1010/738 659/1007/729
f 659/1007/729 668/1010/738 667/1008/736
f 661/1017/731 669/1014/739 660/1012/730
f 660/1012/730 669/1014/739 668/1010/738
f 662/1022/732 670/1020/740 661/1017/731
f 661/1017/731 670/1020/740 669/1014/739
f 662/1022/732 663/1025/733 670/1020/740
f 670/1020/740 663/1025/733 671/1026/741
f 663/1025/733 664/1028/734 671/1026/741
f 671/1026/741 664/1028/734 672/1029/742
f 664/274/734 665/275/735 672/278/742
f 672/278/742 665/275/735 673/281/743
f 665/275/735 658/280/728 673/281/743
f 673/281/743 658/280/728 666/283/737
f 667/1008/736 675/1013/744 666/1011/737
f 666/1011/737 675/1013/744 674/1016/745
f 667/1008/736 668/1010/738 675/1013/744
f 675/1013/744 668/1010/738 676/1015/746
f 669/1014/739 677/1018/747 668/1010/738
f 668/1010/738 677/1018/747 676/1015/746
f 669/1014/739 670/1020/740 677/1018/747
f 677/1018/747 670/1020/740 678/1023/748
f 670/1020/740 671/1026/741 678/1023/748
f 678/1314/748 671/1315/741 679/1316/749
f 672/1029/742 680/1024/750 671/1026/741
f 671/1315/741 680/1317/750 679/1316/749
f 672/278/742 673/281/743 680/282/750
f 680/282/750 673/281/743 681/284/751
f 673/281/743 666/283/737 681/284/751
f 681/284/751 666/283/737 674/285/745
f 627/975/697 626/974/696 682/977/752
f 628/981/700 627/975/697 682/977/752
f 629/985/702 628/981/700 682/977/752
f 630/991/704 629/985/702 682/977/752
f 631/990/706 630/991/704 682/977/752
f 632/984/708 631/990/706 682/977/752
f 633/980/710 632/984/708 682/977/752
f 626/974/696 633/980/710 682/977/752
f 674/1016/745 675/1013/744 683/1019/753
f 675/1013/744 676/1015/746 683/1019/753
f 676/1015/746 677/1018/747 683/1019/753
f 677/1018/747 678/1023/748 683/1019/753
f 678/1023/748 679/1027/749 683/1019/753
f 679/1027/749 680/1388/750 683/1019/753
f 680/1389/750 681/1021/751 683/1019/753
f 681/1021/751 674/1016/745 683/1019/753
s 30
f 684/1030/754 685/1031/755 692/1032/756
f 692/1032/756 685/1031/755 693/1034/757
f 685/1031/755 686/1037/758 693/1034/757
f 693/1034/757 686/1037/758 694/1042/759
f 686/1037/758 687/1041/760 694/1042/759
f 694/1042/759 687/1041/760 695/1048/761
f 687/1041/760 688/1046/762 695/1048/761
f 695/1048/761 688/1046/762 696/1051/763
f 688/1046/762 689/1045/764 696/1051/763
f 696/1051/763 689/1045/764 697/1047/765
f 689/1045/764 690/1040/766 697/1047/765
f 697/1047/765 690/1040/766 698/1044/767
f 690/1040/766 691/1036/768 698/1044/767
f 698/1044/767 691/1036/768 699/1035/769
f 691/1036/768 684/1030/754 699/1035/769
f 699/1035/769 684/1030/754 692/1032/756
f 692/1032/756 693/1034/757 700/1038/770
f 700/1038/770 693/1034/757 701/1043/771
f 693/1034/757 694/1042/759 701/1043/771
f 701/1043/771 694/1042/759 702/1049/772
f 694/1042/759 695/1048/761 702/1049/772
f 702/1049/772 695/1048/761 703/1054/773
f 696/1051/763 704/1053/774 695/1048/761
f 695/1048/761 704/1053/774 703/1054/773
f 696/1051/763 697/1047/765 704/1053/774
f 704/1053/774 697/1047/765 705/1052/775
f 698/1044/767 706/1050/776 697/1047/765
f 697/1047/765 706/1050/776 705/1052/775
f 698/301/767 699/297/769 706/294/776
f 706/294/776 699/297/769 707/289/777
f 699/1035/769 692/1032/756 707/1039/777
f 707/1039/777 692/1032/756 700/1038/770
f 701/1318/771 709/1319/778 700/1320/770
f 700/1320/770 709/1319/778 708/1322/779
f 701/1318/771 702/1321/772 709/1319/778
f 709/1059/778 702/1049/772 710/1056/780
f 702/1049/772 703/1054/773 710/1056/780
f 710/1056/780 703/1054/773 711/1058/781
f 704/1053/774 712/1057/782 703/1054/773
f 703/1054/773 712/1057/782 711/1058/781
f 704/1053/774 705/1052/775 712/1057/782
f 712/1057/782 705/1052/775 713/1060/783
f 706/1050/776 714/1055/784 705/1052/775
f 705/302/775 714/291/784 713/298/783
f 706/294/776 707/289/777 714/291/784
f 714/291/784 707/289/777 715/286/785
f 707/289/777 700/287/770 715/286/785
f 715/286/785 700/287/770 708/288/779
f 708/1322/779 709/1319/778 716/1323/786
f 716/1323/786 709/1319/778 717/1324/787
f 710/309/780 718/311/788 709/314/778
f 709/314/778 718/311/788 717/317/787
f 711/307/781 719/308/789 710/309/780
f 710/309/780 719/308/789 718/311/788
f 712/312/782 720/310/790 711/307/781
f 711/307/781 720/310/790 719/308/789
f 712/1325/782 713/1326/783 720/1327/790
f 720/1327/790 713/1326/783 721/1328/791
f 714/291/784 722/293/792 713/298/783
f 713/298/783 722/293/792 721/300/791
f 714/291/784 715/286/785 722/293/792
f 722/293/792 715/286/785 723/290/793
f 715/286/785 708/288/779 723/290/793
f 723/290/793 708/288/779 716/292/786
f 716/1067/786 717/1064/787 724/1061/794
f 724/1061/794 717/1064/787 725/1062/795
f 718/311/788 726/316/796 717/317/787
f 717/1064/787 726/1068/796 725/1062/795
f 719/308/789 727/313/797 718/311/788
f 718/311/788 727/313/797 726/316/796
f 719/308/789 720/310/790 727/313/797
f 727/313/797 720/310/790 728/315/798
f 720/1079/790 721/1078/791 728/1076/798
f 728/1076/798 721/1078/791 729/1077/799
f 722/293/792 730/296/800 721/300/791
f 721/300/791 730/296/800 729/304/799
f 722/293/792 723/290/793 730/296/800
f 730/296/800 723/290/793 731/295/801
f 723/290/793 716/292/786 731/295/801
f 731/295/801 716/292/786 724/299/794
f 724/1061/794 725/1062/795 732/1063/802
f 732/1063/802 725/1062/795 733/1065/803
f 726/1068/796 734/1069/804 725/1062/795
f 725/1062/795 734/1069/804 733/1065/803
f 727/1074/797 735/1072/805 726/1068/796
f 726/1068/796 735/1072/805 734/1069/804
f 727/1074/797 728/1076/798 735/1072/805
f 735/1072/805 728/1076/798 736/1075/806
f 729/1077/799 737/1073/807 728/1076/798
f 728/1076/798 737/1073/807 736/1075/806
f 730/296/800 738/305/808 729/304/799
f 729/304/799 738/305/808 737/306/807
f 731/295/801 739/303/809 730/296/800
f 730/296/800 739/303/809 738/305/808
f 731/295/801 724/299/794 739/303/809
f 739/1066/809 724/1061/794 732/1063/802
f 685/1031/755 684/1030/754 740/1033/810
f 686/1037/758 685/1031/755 740/1033/810
f 687/1041/760 686/1037/758 740/1033/810
f 688/1046/762 687/1041/760 740/1033/810
f 689/1045/764 688/1046/762 740/1033/810
f 690/1040/766 689/1045/764 740/1033/810
f 691/1036/768 690/1040/766 740/1033/810
f 684/1030/754 691/1036/768 740/1033/810
f 732/1063/802 733/1065/803 741/1070/811
f 733/1065/803 734/1069/804 741/1070/811
f 734/1069/804 735/1072/805 741/1070/811
f 735/1072/805 736/1075/806 741/1070/811
f 736/1075/806 737/1073/807 741/1070/811
f 737/1073/807 738/1071/808 741/1070/811
f 738/1071/808 739/1066/809 741/1070/811
f 739/1066/809 732/1063/802 741/1070/811
s 31
f 764/1080/812 765/1081/813 767/1082/814
f 767/1082/814 765/1081/813 766/1413/815
s 32
f 743/324/816 757/1329/817 746/335/818
f 746/335/818 757/1329/817 758/1330/819
s 33
f 768/1415/820 769/1103/821 771/1416/822
f 771/1416/822 769/1103/821 770/1106/823
s 34
f 772/318/824 773/1443/825 765/320/826
f 765/320/826 773/1443/825 766/1442/827
s 35
f 775/330/828 764/331/829 774/1409/830
f 774/1409/830 764/331/829 767/333/831
s 36
f 749/1380/832 748/1381/833 745/1382/834
f 745/1382/834 748/1381/833 742/1383/835
s 37
f 745/342/836 750/343/837 759/344/838
s 38
f 742/1084/839 751/1085/840 745/1086/841
f 745/1086/841 751/1085/840 750/1087/842
s 39
f 742/348/843 748/349/844 763/350/845
s 34
f 777/325/846 769/327/847 776/1429/848
f 776/1429/848 769/327/847 768/1430/849
s 32
f 762/1101/850 744/329/851 761/1099/852
f 761/1099/852 744/329/851 747/341/853
s 35
f 778/337/854 779/338/855 770/339/856
f 770/339/856 779/338/855 771/1407/857
s 37
f 745/342/836 760/346/858 749/347/859
s 39
f 742/348/843 752/351/860 756/352/861
s 34
f 773/1443/825 772/318/824 781/321/862
f 781/321/862 772/318/824 780/323/863
s 32
f 758/1330/819 757/1329/817 754/1107/864
f 754/1107/864 757/1329/817 753/1104/865
s 35
f 783/336/866 775/330/828 782/334/867
f 782/334/867 775/330/828 774/1409/830
f 779/338/855 778/337/854 782/334/867
f 782/334/867 778/337/854 783/336/866
s 32
f 754/1107/864 753/1104/865 761/1099/852
f 761/1099/852 753/1104/865 762/1101/850
s 34
f 780/323/863 777/325/846 781/321/862
f 781/321/862 777/325/846 776/1429/848
s 37
f 745/342/836 759/344/838 755/345/868
f 745/342/836 755/345/868 760/346/858
s 39
f 742/348/843 756/352/861 751/353/869
f 742/348/843 763/350/845 752/351/860
s 44
f 750/1437/870 751/1433/871 764/1334/872
f 764/1334/872 751/1433/871 765/1434/873
s 32
f 743/324/816 746/335/818 766/1083/874
f 766/1083/874 746/335/818 767/1414/875
s 44
f 748/1431/876 749/1435/877 769/1090/878
f 769/1090/878 749/1435/877 770/1436/879
s 32
f 747/341/853 744/329/851 771/1098/880
f 771/1098/880 744/329/851 768/1100/881
s 44
f 756/1339/882 772/1337/883 751/1333/871
f 751/1333/871 772/1337/883 765/1335/873
s 32
f 757/1329/817 743/324/816 773/319/884
f 773/319/884 743/324/816 766/322/885
s 44
f 759/1338/886 750/1332/870 775/1336/887
f 775/1336/887 750/1332/870 764/1438/872
s 32
f 758/1330/819 774/332/888 746/335/818
f 746/335/818 774/332/888 767/1408/889
s 44
f 763/1094/890 748/1088/876 777/1092/891
f 777/1092/891 748/1088/876 769/1432/878
s 32
f 762/1101/850 776/326/892 744/329/851
f 744/329/851 776/326/892 768/328/893
s 44
f 760/1095/894 778/1093/895 749/1089/877
f 749/1089/877 778/1093/895 770/1091/879
s 32
f 761/1099/852 747/341/853 779/1102/896
f 779/1102/896 747/341/853 771/340/897
s 44
f 756/1339/882 752/1340/898 772/1337/883
f 772/1337/883 752/1340/898 780/1341/899
s 32
f 753/1104/865 757/1329/817 781/1331/900
f 781/1331/900 757/1329/817 773/319/884
s 44
f 759/1338/886 775/1336/887 755/1096/901
f 755/1096/901 775/1336/887 783/1097/902
s 32
f 754/1107/864 782/1105/903 758/1330/819
f 758/1330/819 782/1105/903 774/332/888
s 44
f 760/1095/894 755/1096/901 778/1093/895
f 778/1093/895 755/1096/901 783/1097/902
s 32
f 754/1107/864 761/1099/852 782/1105/903
f 782/1105/903 761/1099/852 779/1102/896
s 44
f 752/1340/898 763/1094/890 780/1341/899
f 780/1341/899 763/1094/890 777/1092/891
s 32
f 762/1101/850 753/1104/865 776/326/892
f 776/326/892 753/1104/865 781/1331/900
s 48
f 806/1108/904 807/1109/905 809/1110/906
f 809/1110/906 807/1109/905 808/1111/907
s 49
f 785/380/908 799/379/909 788/373/910
f 788/373/910 799/379/909 800/376/911
s 50
f 810/1362/912 811/1361/913 813/1447/914
f 813/1447/914 811/1361/913 812/1448/915
s 51
f 814/1342/916 815/1412/917 807/1343/918
f 807/1343/918 815/1412/917 808/1411/919
s 52
f 817/1351/920 806/1352/921 816/1353/922
f 816/1353/922 806/1352/921 809/1354/923
s 53
f 791/1401/924 790/1369/925 787/1363/926
f 787/1363/926 790/1369/925 784/1370/927
s 54
f 787/1402/928 792/1364/929 801/1365/930
s 55
f 784/1112/931 793/1113/932 787/1114/933
f 787/1114/933 793/1113/932 792/1115/934
s 56
f 784/1371/935 790/1372/936 805/1373/937
s 51
f 819/1347/938 811/1349/939 818/1348/940
f 818/1348/940 811/1349/939 810/1350/941
s 49
f 804/387/942 786/390/943 803/382/944
f 803/382/944 786/390/943 789/388/945
s 52
f 820/1357/946 821/1358/947 812/1359/948
f 812/1359/948 821/1358/947 813/1360/949
s 54
f 787/1402/928 802/1367/950 791/1368/951
s 56
f 784/1371/935 794/1374/952 798/1375/953
s 51
f 815/1412/917 814/1342/916 823/1344/954
f 823/1344/954 814/1342/916 822/1346/955
s 49
f 800/376/911 799/379/909 796/381/956
f 796/381/956 799/379/909 795/384/957
s 52
f 825/1356/958 817/1351/920 824/1355/959
f 824/1355/959 817/1351/920 816/1353/922
f 821/1358/947 820/1357/946 824/1355/959
f 824/1355/959 820/1357/946 825/1356/958
s 49
f 796/381/956 795/384/957 803/382/944
f 803/382/944 795/384/957 804/387/942
s 51
f 822/1346/955 819/1347/938 823/1344/954
f 823/1344/954 819/1347/938 818/1348/940
s 54
f 787/1402/928 801/1365/930 797/1366/960
f 787/1402/928 797/1366/960 802/1367/950
s 56
f 784/1371/935 798/1375/953 793/1376/961
f 784/1371/935 805/1373/937 794/1374/952
s 61
f 792/1405/962 793/1403/963 806/356/964
f 806/356/964 793/1403/963 807/1404/965
s 49
f 785/380/908 788/373/910 808/377/966
f 808/377/966 788/373/910 809/1387/967
s 61
f 790/1439/968 791/1116/969 811/1117/970
f 811/1117/970 791/1116/969 812/1118/971
s 49
f 789/388/945 786/390/943 813/1119/972
f 813/1119/972 786/390/943 810/1410/973
s 61
f 798/361/974 814/359/975 793/355/963
f 793/355/963 814/359/975 807/357/965
s 49
f 799/379/909 785/380/908 815/383/976
f 815/383/976 785/380/908 808/1345/977
s 61
f 801/360/978 792/354/962 817/358/979
f 817/358/979 792/354/962 806/1406/964
s 49
f 800/376/911 816/374/980 788/373/910
f 788/373/910 816/374/980 809/375/981
s 61
f 805/367/982 790/371/968 819/369/983
f 819/369/983 790/371/968 811/1440/970
s 49
f 804/387/942 818/389/984 786/390/943
f 786/390/943 818/389/984 810/1120/985
s 61
f 802/368/986 820/366/987 791/370/969
f 791/370/969 820/366/987 812/372/971
s 49
f 803/382/944 789/388/945 821/385/988
f 821/385/988 789/388/945 813/391/989
s 61
f 798/361/974 794/363/990 814/359/975
f 814/359/975 794/363/990 822/365/991
s 49
f 795/384/957 799/379/909 823/386/992
f 823/386/992 799/379/909 815/383/976
s 61
f 801/360/978 817/358/979 797/362/993
f 797/362/993 817/358/979 825/364/994
s 49
f 796/381/956 824/378/995 800/376/911
f 800/376/911 824/378/995 816/374/980
s 61
f 802/368/986 797/362/993 820/366/987
f 820/366/987 797/362/993 825/364/994
s 49
f 796/381/956 803/382/944 824/378/995
f 824/378/995 803/382/944 821/385/988
s 61
f 794/363/990 805/367/982 822/365/991
f 822/365/991 805/367/982 819/369/983
s 49
f 804/387/942 795/384/957 818/389/984
f 818/389/984 795/384/957 823/386/992
