# Wavefront Obj file
# 
# verts: 644 uv-s: 980
mtllib 1921.15kop2.mtl

g Object.1
#pivot 0.000000 0.000000 0.000000

v 256.165222 -2.777710 13.615472
v 128.657227 5.959888 16.053865
v 128.403259 5.248690 26.112265
v 255.708008 -4.098511 33.630680
v 253.676025 -33.562511 31.598654
v 251.593262 -34.883312 51.512260
v 253.726868 -5.419310 53.595051
v 247.935669 -36.051712 71.273453
v 249.967712 -6.587709 73.305458
v 242.855652 -36.966114 90.679054
v 244.887634 -7.654510 92.761879
v 236.150055 -37.880512 109.576660
v 238.232880 -8.467308 111.659447
v 228.022095 -38.642509 127.915474
v 230.054047 -9.178509 130.049057
v 218.471680 -39.252117 145.644653
v 220.554443 -9.788111 147.727448
v 207.600464 -39.709309 162.459442
v 209.632446 -10.194511 164.593079
v 195.357666 -40.014114 178.461426
v 197.389648 -10.499310 180.493469
v 181.997253 -40.064911 193.447449
v 184.029236 -10.600910 195.479431
v 167.468445 -40.064911 207.315826
v 90.455627 -27.466515 104.953865
v 83.191223 -27.364914 111.913460
v 75.469635 -27.314110 118.212662
v -1.085968 -14.715710 16.460258
v 67.240051 -27.161713 123.953049
v 135.362854 -39.556911 231.496643
v 118.090851 -39.048912 241.605835
v 58.502441 -26.856911 129.033066
v 49.460052 -26.602913 133.351044
v 40.112854 -26.247314 137.008652
v 81.210022 -37.626511 257.658661
v 62.007660 -36.712112 263.399048
v 30.460846 -25.739311 139.955048
v 20.656433 -25.180511 142.088654
v 10.750427 -24.570915 143.511078
v 22.536041 -34.426109 270.460236
v 0.742828 -23.910515 144.019073
v 2.571655 -33.105309 271.628662
v -17.392761 -31.682915 271.222290
v -9.315552 -23.250114 143.866684
v -37.357178 -30.209713 269.291870
v -19.221558 -22.437313 142.850677
v -29.076752 -21.675308 141.072647
v -38.830353 -20.811707 138.532669
v -76.473175 -26.806107 260.655853
v -48.228363 -19.897308 135.230652
v -95.319977 -25.078911 254.102692
v -113.658752 -23.148514 246.025452
v -57.372360 -18.982910 131.268265
v -66.160767 -18.068512 126.543877
v -74.593567 -17.052513 121.108253
v -82.518372 -16.087311 115.063049
v -90.036774 -15.122108 108.408249
v -178.936768 -15.376110 200.305481
v -96.945557 -14.004509 101.143883
v -192.805145 -13.445709 185.827484
v -205.403549 -11.464510 170.384277
v -103.244766 -13.140907 93.371452
v -108.883560 -12.124910 85.192665
v -113.912766 -11.159710 76.556656
v -118.281555 -10.194511 67.514259
v -121.888367 -9.330910 58.217861
v -124.682373 -8.365711 48.616653
v -126.866760 -7.502110 38.863060
v -128.085968 -6.790911 28.906254
v -128.695557 -5.978111 18.898651
v -128.390762 -5.317711 8.891050
v -255.797180 4.029490 1.321867
v -253.663574 5.350291 -18.642540
v -253.765182 33.493492 3.404661
v -254.171555 32.172691 23.419865
v -256.203583 2.708693 21.337069
v -253.206375 30.699488 43.384274
v -126.053955 22.673088 30.989073
v -250.463181 29.023087 63.247055
v -124.783966 21.911087 40.895058
v 0.946045 14.646689 18.492258
v -122.650360 20.996687 50.648682
v -119.805573 20.183891 60.351475
v -116.249573 19.269493 69.647858
v -111.829956 18.253487 78.588654
v -106.800766 17.339088 87.224655
v -101.161972 16.323092 95.454285
v -203.371552 18.050293 172.517883
v -94.862762 15.408689 103.226662
v -190.722366 16.069090 187.961090
v -88.004761 14.341894 110.491074
v -80.435562 13.376691 117.196678
v -72.561554 12.411489 123.241859
v -64.077972 11.395489 128.626648
v -55.289566 10.481091 133.351044
v -111.626770 6.264690 248.159058
v -46.196350 9.566690 137.364243
v -93.287964 4.334290 256.185455
v -74.441162 2.607090 262.738708
v -36.747559 8.601492 140.666245
v -27.044769 7.788690 143.155457
v -17.189545 6.975891 144.882675
v -35.325165 -0.796509 271.374695
v -7.232758 6.213892 145.898682
v -15.360764 -2.269711 273.254272
v 2.774841 5.553492 146.101837
v 12.833252 4.842291 145.543060
v 24.618835 -5.012909 272.492218
v 22.739227 4.232690 144.171494
v 44.481628 -6.232111 269.850616
v 64.090454 -7.298908 265.481903
v 32.543640 3.724691 141.987045
v 83.292847 -8.162510 259.741486
v 42.144836 3.216691 139.142273
v 51.542847 2.861090 135.484680
v 60.534424 2.607090 131.166672
v 69.272064 2.251492 126.086647
v 77.501648 2.149891 120.346252
v 85.274048 2.048290 113.996246
v 92.487640 1.997492 107.036652
v 99.193237 2.149891 99.518272
v 105.289246 2.251492 91.542656
v 110.724854 2.505491 83.109879
v 115.500061 2.708693 74.270653
v 119.614838 3.115090 65.126678
v 122.866028 3.572290 55.677883
v 125.507660 4.080289 45.924252
v 127.387268 4.689890 36.069069
v 169.500427 -10.600910 209.449432
v 153.904846 -10.448511 222.047852
v 151.872833 -39.861713 220.015839
v 137.394836 -10.143709 233.579437
v 120.122864 -9.584911 243.688660
v 100.006042 -38.439312 250.343445
v 102.088867 -8.975309 252.426270
v 42.398834 -35.696114 267.767883
v 4.603638 -3.742910 273.762268
v -57.067566 -28.533310 265.685059
v -54.984772 0.879890 267.767883
v -131.286362 -21.319710 236.576630
v -129.254364 8.093493 238.710236
v -148.101151 -19.338512 225.756256
v -146.069153 10.074691 227.788239
v -164.052353 -17.357307 213.665833
v -162.020355 12.106690 215.799438
v -176.904770 14.087893 202.388245
v -216.782745 -9.534111 153.975861
v -226.790375 -7.502110 136.653046
v -214.699982 19.980690 156.058655
v -224.707581 21.961893 138.735855
v -235.426376 -5.622509 118.619049
v -233.394379 23.841490 120.701851
v -242.690781 -3.793709 99.975456
v -240.658752 25.568691 102.058258
v -248.380356 -2.117310 80.773071
v -246.348343 27.346687 82.805061
v -252.545975 -0.440910 61.164261
v -255.238373 1.235491 41.352272
v -126.663559 23.485891 20.981470
v -126.358765 24.146292 10.973868
v -125.342773 24.755890 1.017065
v -123.463165 25.365494 -8.838146
v -120.923157 25.822693 -18.591743
v -248.024780 36.033489 -36.219337
v -242.893951 36.998688 -55.675743
v -244.925949 7.585489 -57.809334
v -250.056778 6.569490 -38.352940
v -251.580780 34.814289 -16.508949
v -125.545959 -4.098511 -10.920940
v -127.425568 -4.708109 -1.065729
v -123.005966 -3.590509 -20.674538
v -119.653168 -3.082508 -30.123329
v -238.220352 8.398293 -76.656136
v -230.092346 9.109490 -95.045738
v -115.538361 -2.828510 -39.318142
v -220.541946 9.719090 -112.724144
v -110.763153 -2.523710 -48.106529
v -105.378357 -2.269711 -56.590141
v -99.282364 -2.168110 -64.565742
v -92.627563 -2.066509 -72.084137
v -184.118362 10.582690 -160.476135
v -169.589584 10.531891 -174.446167
v -85.261566 -2.066509 -79.043747
v -153.993958 10.430289 -187.095337
v -77.539963 -2.168110 -85.393753
v -69.259567 -2.320511 -91.032539
v -60.572769 -2.625309 -96.163338
v -120.161163 9.515892 -208.736145
v -102.025574 8.957089 -217.473755
v -51.581161 -2.930111 -100.481339
v -83.381958 8.093493 -224.687347
v -42.233948 -3.285709 -104.189735
v -32.632767 -3.742910 -107.034538
v -64.128754 7.179092 -230.529358
v -22.828354 -4.301708 -109.168152
v -44.519958 6.163090 -234.847321
v -24.657166 4.994689 -237.539703
v -12.922363 -4.860510 -110.488953
v -2.863953 -5.520910 -111.098549
v 7.143616 -6.232111 -110.895348
v 15.322449 2.251492 -238.301758
v 35.236053 0.727489 -236.371368
v 17.100433 -6.994110 -109.930153
v 54.946442 -0.948910 -232.815338
v 26.955658 -7.806910 -108.152153
v 74.352051 -2.676107 -227.735352
v 36.658447 -8.721310 -105.713737
v 46.107239 -9.584911 -102.360939
v 55.251251 -10.550110 -98.398537
v 111.639221 -6.282909 -213.155701
v 64.141235 -11.464510 -93.623344
v 129.165253 -8.162510 -203.706970
v 146.030853 -10.143709 -192.835724
v 72.523254 -12.429710 -88.238541
v 161.931244 -12.074112 -180.796143
v 80.448059 -13.394909 -82.193336
v 176.866455 -14.106110 -167.435760
v 87.915649 -14.360107 -75.538544
v 190.633240 -16.087311 -152.957733
v 94.773621 -15.426910 -68.274139
v 101.123657 -16.341309 -60.552536
v 203.333252 -18.068512 -137.514557
v 214.712463 -20.049706 -121.106133
v 106.762451 -17.408112 -52.272133
v 224.720032 -22.030907 -103.732536
v 111.791656 -18.373310 -43.636143
v 233.406860 -23.910515 -85.698524
v 116.160461 -19.287712 -34.644543
v 240.620453 -25.637711 -67.105736
v 119.716461 -20.252914 -25.297340
v 246.259277 -27.415710 -47.852547
v 122.612030 -21.065712 -15.696136
v 124.745667 -21.929310 -5.891743
v 250.475647 -29.142910 -28.294540
v 253.066406 -30.768509 -8.431728
v 126.066467 -22.742107 4.014266
v 126.625244 -23.453308 14.021867
v 126.320435 -24.164513 24.080263
v 125.304443 -24.774109 33.986275
v 254.133240 -32.190914 11.583474
v 123.475647 -25.434513 43.892258
v 120.834045 -25.891708 53.595051
v 117.582825 -26.298111 62.993050
v 113.417236 -26.755310 72.238655
v 108.642029 -26.958511 81.027054
v 103.257233 -27.212509 89.409073
v 97.161255 -27.314110 97.435478
v 255.149292 -1.304512 -6.348934
v 128.098450 6.721890 6.147856
v 252.558411 0.321089 -26.160927
v 126.777649 7.433092 -3.808949
v 124.694824 8.347492 -13.613340
v 121.748444 9.211090 -23.214546
v 118.243225 10.125490 -32.561749
v 113.874451 11.090693 -41.553337
v 108.794434 12.005094 -50.189339
v 103.206451 13.071888 -58.418938
v 96.856445 13.986289 -66.191345
v 89.947632 15.053091 -73.404953
v 178.898438 15.357892 -165.302155
v 192.716064 13.325889 -150.874969
v 205.365234 11.395489 -135.431732
v 82.480042 16.018293 -80.110542
v 163.963257 17.288292 -178.611755
v 74.555237 16.983490 -86.155739
v 66.173248 17.999487 -91.540535
v 57.283264 18.913887 -96.264954
v 48.190033 19.828287 -100.227325
v 38.690430 20.742687 -103.529335
v 76.384033 26.737091 -225.703369
v 28.987640 21.657087 -106.069336
v 57.080048 28.515087 -230.681763
v 19.132446 22.419088 -107.796547
v 9.175659 23.181087 -108.863350
v 17.405243 31.715494 -236.218903
v -0.831940 23.943094 -109.015739
v -10.839539 24.552692 -108.456947
v -22.574341 34.407887 -235.456970
v -20.745560 25.162292 -107.034538
v -42.437164 35.627090 -232.764557
v -62.045959 36.693886 -228.395752
v -30.549957 25.721092 -104.900925
v -81.349960 37.557491 -222.655365
v -40.201965 26.178288 -102.056137
v -49.549164 26.533894 -98.347740
v -99.993561 38.421089 -215.390961
v -58.540771 26.838690 -94.080544
v -67.176758 27.143490 -89.000526
v -75.507965 27.245090 -83.310936
v -83.229553 27.346687 -76.960938
v -167.557556 39.995888 -172.363373
v -182.035553 40.046688 -158.393372
v -90.544769 27.397491 -69.950539
v -97.250366 27.295891 -62.482933
v -103.295563 27.194294 -54.456535
v -207.638763 39.640289 -127.506950
v -108.731171 26.889490 -46.023739
v -218.509949 39.183086 -110.641350
v -113.506363 26.686287 -37.184540
v -117.621155 26.279894 -28.040535
v -228.009583 38.573490 -92.962944
v -236.188354 37.811489 -74.573341
v -209.670746 10.176290 -129.589752
v -197.529556 10.430289 -145.540955
v -195.446747 39.894291 -143.407379
v -151.911163 39.894291 -185.012543
v -137.483963 10.074691 -198.626984
v -135.401169 39.538689 -196.493347
v -118.078369 38.979889 -206.653381
v -4.692749 3.673892 -238.758972
v -2.660767 33.036289 -236.574554
v 37.318848 30.140690 -234.288574
v 93.300415 -4.403311 -221.182129
v 95.383240 25.009892 -219.099335
v 113.671234 23.130293 -211.072937
v 131.248047 21.250687 -201.624146
v 148.062836 19.320292 -190.803772
v 216.744446 9.414289 -118.972557
v 226.752075 7.433092 -101.649742
v 235.438843 5.553492 -83.615738
v 242.652466 3.775490 -64.972137
v 248.291260 2.048290 -45.769730
# 322 positions

vt 0.205326 0.586375
vt 0.207279 0.688470
vt 0.215332 0.688674
vt 0.221352 0.586741
vt 0.021906 0.478790
vt 0.046556 0.493189
vt 0.045498 0.477163
vt 0.020849 0.462845
vt 0.044440 0.461177
vt 0.019913 0.447022
vt 0.043505 0.445395
vt 0.019181 0.431484
vt 0.042651 0.429817
vt 0.018449 0.416353
vt 0.042000 0.414685
vt 0.017839 0.401669
vt 0.041430 0.399961
vt 0.017351 0.387474
vt 0.040942 0.385806
vt 0.016985 0.374010
vt 0.040617 0.372302
vt 0.016740 0.361197
vt 0.040373 0.359570
vt 0.016700 0.349198
vt 0.040292 0.347571
vt 0.352175 0.522916
vt 0.338914 0.546507
vt 0.350548 0.546507
vt 0.491400 0.511000
vt 0.420544 0.584297
vt 0.409439 0.572664
vt 0.485828 0.505183
vt 0.480784 0.499000
vt 0.562257 0.437703
vt 0.476188 0.492411
vt 0.390078 0.546957
vt 0.381983 0.533127
vt 0.472120 0.485415
vt 0.468663 0.478175
vt 0.465734 0.470690
vt 0.369130 0.503597
vt 0.364534 0.488222
vt 0.463375 0.462962
vt 0.461666 0.455112
vt 0.460528 0.447180
vt 0.358880 0.456617
vt 0.460121 0.439167
vt 0.357944 0.440631
vt 0.358270 0.424646
vt 0.460243 0.431113
vt 0.359815 0.408661
vt 0.461056 0.423182
vt 0.462480 0.415291
vt 0.464514 0.407481
vt 0.366730 0.377340
vt 0.467158 0.399956
vt 0.371977 0.362250
vt 0.378445 0.347566
vt 0.470330 0.392634
vt 0.474113 0.385598
vt 0.478465 0.378845
vt 0.483306 0.372500
vt 0.488634 0.366480
vt 0.415053 0.295298
vt 0.494451 0.360948
vt 0.426645 0.284194
vt 0.439010 0.274107
vt 0.500674 0.355905
vt 0.507223 0.351390
vt 0.514138 0.347363
vt 0.521378 0.343865
vt 0.528821 0.340977
vt 0.536509 0.338740
vt 0.544319 0.336991
vt 0.552291 0.336014
vt 0.560304 0.335526
vt 0.568317 0.335770
vt 0.574378 0.233756
vt 0.590363 0.235465
vt 0.493839 0.786925
vt 0.516373 0.769272
vt 0.517431 0.785258
vt 0.494897 0.802952
vt 0.518489 0.801284
vt 0.496076 0.818937
vt 0.219237 0.892417
vt 0.213177 0.995000
vt 0.229162 0.994227
vt 0.245066 0.992031
vt 0.227169 0.891400
vt 0.209231 0.790728
vt 0.234978 0.889691
vt 0.242748 0.887414
vt 0.250191 0.884566
vt 0.257350 0.881028
vt 0.264265 0.877001
vt 0.270854 0.872486
vt 0.332559 0.954325
vt 0.277077 0.867442
vt 0.344924 0.944196
vt 0.282894 0.861951
vt 0.288263 0.855890
vt 0.293104 0.849586
vt 0.297415 0.842793
vt 0.301198 0.835756
vt 0.393124 0.880865
vt 0.304411 0.828475
vt 0.399551 0.866181
vt 0.404798 0.851091
vt 0.307055 0.820910
vt 0.309048 0.813141
vt 0.310431 0.805249
vt 0.411713 0.819771
vt 0.311245 0.797277
vt 0.413218 0.803785
vt 0.311408 0.789264
vt 0.310960 0.781210
vt 0.412608 0.771774
vt 0.309862 0.773279
vt 0.410493 0.755870
vt 0.406995 0.740169
vt 0.308113 0.765428
vt 0.402398 0.724794
vt 0.305835 0.757741
vt 0.302906 0.750216
vt 0.299449 0.743016
vt 0.295381 0.736020
vt 0.290785 0.729431
vt 0.285701 0.723207
vt 0.280128 0.717431
vt 0.274108 0.712062
vt 0.338945 0.633437
vt 0.267722 0.707181
vt 0.260970 0.702829
vt 0.253893 0.699005
vt 0.246571 0.695711
vt 0.283830 0.600734
vt 0.239005 0.693107
vt 0.231196 0.690992
vt 0.253120 0.591338
vt 0.223305 0.689487
vt 0.237338 0.588328
vt 0.312709 0.614889
vt 0.326213 0.623634
vt 0.362130 0.655768
vt 0.350944 0.644134
vt 0.372217 0.668255
vt 0.340541 0.522916
vt 0.328054 0.522794
vt 0.326427 0.546345
vt 0.313208 0.546100
vt 0.314835 0.522550
vt 0.381450 0.681474
vt 0.389545 0.695304
vt 0.299378 0.545694
vt 0.301005 0.522102
vt 0.284897 0.545206
vt 0.286565 0.521614
vt 0.269848 0.544555
vt 0.271515 0.520963
vt 0.396541 0.709744
vt 0.256140 0.520272
vt 0.254472 0.543823
vt 0.238772 0.543009
vt 0.240439 0.519417
vt 0.222868 0.541992
vt 0.224535 0.518441
vt 0.413625 0.787800
vt 0.208509 0.517424
vt 0.206882 0.540935
vt 0.192524 0.516245
vt 0.190897 0.539796
vt 0.176538 0.515065
vt 0.174911 0.538616
vt 0.159129 0.537274
vt 0.160797 0.513723
vt 0.143591 0.535891
vt 0.145218 0.512340
vt 0.408825 0.835512
vt 0.128501 0.534508
vt 0.130128 0.510957
vt 0.113817 0.532962
vt 0.115444 0.509411
vt 0.099703 0.531498
vt 0.101330 0.507947
vt 0.386010 0.333452
vt 0.086239 0.529912
vt 0.087866 0.506361
vt 0.073467 0.528325
vt 0.075094 0.504734
vt 0.061549 0.526739
vt 0.063176 0.503147
vt 0.356476 0.933133
vt 0.367214 0.921215
vt 0.376813 0.908443
vt 0.394674 0.319988
vt 0.404355 0.307216
vt 0.385559 0.894979
vt 0.509377 0.946251
vt 0.507791 0.934699
vt 0.531423 0.932991
vt 0.529837 0.920625
vt 0.506204 0.922334
vt 0.528291 0.907487
vt 0.452148 0.264995
vt 0.466019 0.256982
vt 0.526664 0.893617
vt 0.504659 0.909155
vt 0.503073 0.895285
vt 0.525159 0.879177
vt 0.501568 0.880845
vt 0.523695 0.864249
vt 0.500185 0.865917
vt 0.522353 0.848874
vt 0.498761 0.850501
vt 0.521010 0.833173
vt 0.497419 0.834841
vt 0.519668 0.817310
vt 0.526462 0.236360
vt 0.542326 0.234204
vt 0.260726 0.988736
vt 0.510762 0.239695
vt 0.276142 0.984180
vt 0.495386 0.244251
vt 0.291070 0.978364
vt 0.480458 0.250067
vt 0.305510 0.971408
vt 0.319380 0.963395
vt 0.211224 0.892905
vt 0.203211 0.892661
vt 0.195239 0.891847
vt 0.187348 0.890342
vt 0.179538 0.888309
vt 0.165424 0.990078
vt 0.149845 0.985970
vt 0.491806 0.755199
vt 0.491033 0.739620
vt 0.514584 0.737912
vt 0.515397 0.753490
vt 0.492782 0.770981
vt 0.181206 0.992926
vt 0.584181 0.338048
vt 0.606145 0.238353
vt 0.576290 0.336543
vt 0.591990 0.340082
vt 0.621724 0.242461
vt 0.599556 0.342766
vt 0.636815 0.247830
vt 0.651539 0.254338
vt 0.606918 0.346061
vt 0.665694 0.261985
vt 0.613955 0.349885
vt 0.620748 0.354196
vt 0.627134 0.359077
vt 0.633154 0.364406
vt 0.703929 0.291149
vt 0.715115 0.302783
vt 0.638726 0.370304
vt 0.725243 0.315270
vt 0.643811 0.376486
vt 0.648326 0.383116
vt 0.652434 0.390072
vt 0.742570 0.342360
vt 0.749567 0.356881
vt 0.655891 0.397271
vt 0.755343 0.371809
vt 0.658861 0.404756
vt 0.661138 0.412443
vt 0.760020 0.387225
vt 0.662847 0.420294
vt 0.763478 0.402925
vt 0.765633 0.418829
vt 0.663904 0.428225
vt 0.664392 0.436279
vt 0.664230 0.444292
vt 0.766243 0.450841
vt 0.764698 0.466786
vt 0.663457 0.452265
vt 0.761851 0.482568
vt 0.662033 0.460156
vt 0.757783 0.498106
vt 0.660081 0.467924
vt 0.657396 0.475490
vt 0.654224 0.482812
vt 0.746109 0.527961
vt 0.650400 0.489930
vt 0.738544 0.541994
vt 0.729839 0.555499
vt 0.646089 0.496641
vt 0.720199 0.568230
vt 0.641248 0.502987
vt 0.709501 0.580189
vt 0.635920 0.508966
vt 0.697909 0.591212
vt 0.630103 0.514457
vt 0.623920 0.519542
vt 0.685544 0.601380
vt 0.672406 0.610492
vt 0.617290 0.524057
vt 0.658494 0.618505
vt 0.610376 0.528083
vt 0.644055 0.625460
vt 0.603176 0.531582
vt 0.629168 0.631236
vt 0.595692 0.534429
vt 0.613752 0.635751
vt 0.588004 0.536747
vt 0.580154 0.538456
vt 0.598092 0.639127
vt 0.582188 0.641201
vt 0.572222 0.539513
vt 0.564209 0.539961
vt 0.556155 0.539716
vt 0.550135 0.641690
vt 0.548224 0.538903
vt 0.566162 0.642056
vt 0.540292 0.537439
vt 0.518368 0.637093
vt 0.532523 0.535324
vt 0.524998 0.532720
vt 0.487699 0.627657
vt 0.517595 0.529385
vt 0.473015 0.621149
vt 0.510558 0.525562
vt 0.458819 0.613502
vt 0.503847 0.521250
vt 0.445356 0.604797
vt 0.497420 0.516369
vt 0.023004 0.494816
vt 0.024143 0.510842
vt 0.047735 0.509174
vt 0.199347 0.688918
vt 0.189341 0.587189
vt 0.173477 0.589263
vt 0.191375 0.689976
vt 0.183524 0.691643
vt 0.175837 0.694002
vt 0.168352 0.696809
vt 0.161153 0.700307
vt 0.154238 0.704375
vt 0.147648 0.708849
vt 0.141425 0.713933
vt 0.135649 0.719465
vt 0.062068 0.648243
vt 0.073619 0.637179
vt 0.061077 0.636447
vt 0.035899 0.626563
vt 0.037485 0.638156
vt 0.059450 0.624896
vt 0.034312 0.614198
vt 0.057904 0.612530
vt 0.085985 0.627051
vt 0.130280 0.725444
vt 0.051411 0.660201
vt 0.125440 0.731790
vt 0.121128 0.738501
vt 0.117345 0.745619
vt 0.114173 0.752900
vt 0.111529 0.760507
vt 0.013705 0.730325
vt 0.109495 0.768276
vt 0.009718 0.745782
vt 0.108112 0.776167
vt 0.107258 0.784139
vt 0.005285 0.777550
vt 0.107136 0.792152
vt 0.107583 0.800165
vt 0.005895 0.809561
vt 0.108722 0.808097
vt 0.008051 0.825465
vt 0.011549 0.841166
vt 0.110431 0.815947
vt 0.016145 0.856622
vt 0.112708 0.823675
vt 0.115678 0.831160
vt 0.021962 0.871550
vt 0.119094 0.838359
vt 0.123162 0.845274
vt 0.127718 0.851945
vt 0.132802 0.858127
vt 0.056414 0.925649
vt 0.067599 0.937241
vt 0.138415 0.863985
vt 0.144394 0.869354
vt 0.150821 0.874194
vt 0.092330 0.957741
vt 0.157573 0.878546
vt 0.105834 0.966446
vt 0.164651 0.882370
vt 0.171972 0.885665
vt 0.119989 0.974052
vt 0.134714 0.980601
vt 0.490382 0.724489
vt 0.513933 0.722821
vt 0.513364 0.708097
vt 0.489772 0.709764
vt 0.512875 0.693942
vt 0.489284 0.695609
vt 0.512509 0.680437
vt 0.488918 0.682105
vt 0.512306 0.667665
vt 0.488714 0.669374
vt 0.691970 0.280411
vt 0.679198 0.270690
vt 0.512184 0.655707
vt 0.488592 0.657374
vt 0.079599 0.947979
vt 0.375897 0.583557
vt 0.364305 0.583516
vt 0.365932 0.559924
vt 0.046286 0.913121
vt 0.351777 0.583435
vt 0.353444 0.559843
vt 0.340225 0.559558
vt 0.338557 0.583150
vt 0.326354 0.559111
vt 0.324687 0.582702
vt 0.028958 0.886031
vt 0.037093 0.899901
vt 0.310206 0.582255
vt 0.311834 0.558663
vt 0.295279 0.581564
vt 0.296905 0.557972
vt 0.281490 0.557240
vt 0.279822 0.580872
vt 0.264121 0.580018
vt 0.265789 0.556426
vt 0.249885 0.555491
vt 0.248217 0.579042
vt 0.233899 0.554433
vt 0.232272 0.577943
vt 0.217873 0.553294
vt 0.216205 0.576886
vt 0.005000 0.793616
vt 0.006830 0.761605
vt 0.200261 0.575625
vt 0.201929 0.552074
vt 0.184438 0.574323
vt 0.186147 0.550732
vt 0.168982 0.572900
vt 0.170609 0.549349
vt 0.155437 0.547966
vt 0.153769 0.571517
vt 0.140753 0.546461
vt 0.139126 0.570012
vt 0.025419 0.700470
vt 0.018992 0.715113
vt 0.032985 0.686396
vt 0.125052 0.568507
vt 0.126720 0.544956
vt 0.041648 0.672933
vt 0.111589 0.566961
vt 0.113216 0.543369
vt 0.098857 0.565334
vt 0.100484 0.541824
vt 0.086899 0.563788
vt 0.088526 0.540197
vt 0.099163 0.617939
vt 0.032726 0.601060
vt 0.056318 0.599351
vt 0.113034 0.609926
vt 0.054731 0.585481
vt 0.031140 0.587149
vt 0.127474 0.602971
vt 0.053226 0.571041
vt 0.029635 0.572709
vt 0.142401 0.597195
vt 0.051803 0.556114
vt 0.028252 0.557822
vt 0.157777 0.592680
vt 0.050420 0.540738
vt 0.026828 0.542406
vt 0.025445 0.526746
vt 0.049037 0.525038
vt 0.752536 0.513278
vt 0.766610 0.434815
vt 0.734476 0.328489
vt 0.377565 0.559965
vt 0.197150 0.994675
vt 0.558352 0.233431
vt 0.532969 0.944583
vt 0.362703 0.392878
vt 0.361036 0.472521
vt 0.374987 0.518647
vt 0.399270 0.560176
vt 0.432543 0.594994
vt 0.298554 0.607283
vt 0.268698 0.595405
vt 0.502830 0.633026
vt 0.534191 0.640022
# 490 texture coordinates

vn 0.761999 0.646652 0.034637
vn 0.069318 0.994967 0.072363
vn 0.069737 0.995266 0.067690
vn 0.760202 0.643486 0.089547
vn 0.665106 -0.746707 -0.007928
vn 0.657626 -0.751861 0.047252
vn 0.756701 0.636678 0.148472
vn 0.646539 -0.755663 0.104692
vn 0.743360 0.636954 0.204219
vn 0.635476 -0.755521 0.159244
vn 0.732377 0.631200 0.255365
vn 0.614777 -0.760081 0.210540
vn 0.712394 0.630052 0.309077
vn 0.592525 -0.761938 0.261466
vn 0.688645 0.628959 0.360803
vn 0.566061 -0.763357 0.311225
vn 0.663539 0.625600 0.410293
vn 0.534918 -0.764786 0.359116
vn 0.630836 0.625437 0.459211
vn 0.499542 -0.766032 0.404542
vn 0.596482 0.625618 0.502803
vn 0.464446 -0.764393 0.447207
vn 0.560707 0.625251 0.542835
vn 0.422829 -0.765751 0.484604
vn -0.069609 -0.995043 -0.071025
vn -0.071301 -0.995052 -0.069199
vn -0.067497 -0.995087 -0.072434
vn -0.069412 -0.995074 -0.070783
vn -0.071246 -0.995005 -0.069923
vn 0.334317 -0.764263 0.551483
vn 0.285528 -0.762346 0.580777
vn -0.068833 -0.995090 -0.071117
vn -0.064903 -0.995224 -0.072918
vn -0.069719 -0.995043 -0.070913
vn 0.180689 -0.758354 0.626299
vn 0.129045 -0.756991 0.640555
vn -0.072826 -0.994884 -0.070008
vn -0.071609 -0.994943 -0.070437
vn -0.070310 -0.995018 -0.070676
vn 0.015137 -0.749379 0.661969
vn -0.066921 -0.995257 -0.070605
vn -0.037912 -0.746490 0.664315
vn -0.093240 -0.742093 0.663780
vn -0.069093 -0.995083 -0.070967
vn -0.150082 -0.737726 0.658207
vn -0.069284 -0.995073 -0.070924
vn -0.067184 -0.995246 -0.070515
vn -0.070696 -0.994963 -0.071075
vn -0.258072 -0.728170 0.634954
vn -0.070334 -0.995000 -0.070914
vn -0.312874 -0.724276 0.614439
vn -0.363706 -0.718266 0.593138
vn -0.067712 -0.995264 -0.069752
vn -0.069621 -0.995043 -0.071017
vn -0.070469 -0.994964 -0.071278
vn -0.067678 -0.995310 -0.069115
vn -0.072500 -0.994643 -0.073687
vn -0.545689 -0.697131 0.465008
vn -0.069627 -0.995125 -0.069841
vn -0.583266 -0.692068 0.425256
vn -0.618885 -0.686277 0.382106
vn -0.066663 -0.995493 -0.067444
vn -0.070547 -0.994874 -0.072452
vn -0.069883 -0.994990 -0.071495
vn -0.069083 -0.995204 -0.069264
vn -0.070066 -0.994902 -0.072536
vn -0.070673 -0.994646 -0.075393
vn -0.068520 -0.995350 -0.067700
vn -0.068881 -0.995168 -0.069972
vn -0.069546 -0.994979 -0.071973
vn -0.069410 -0.995277 -0.067874
vn -0.760709 -0.642715 -0.090765
vn -0.754411 -0.638951 -0.150354
vn -0.666249 0.745701 0.006495
vn -0.664315 0.744918 0.061507
vn -0.761372 -0.647392 -0.034586
vn -0.663183 0.738772 0.120014
vn 0.069428 0.994976 0.072126
vn -0.654046 0.735678 0.176075
vn 0.069825 0.994903 0.072746
vn 0.069452 0.995074 0.070741
vn 0.069166 0.995112 0.070489
vn 0.068672 0.995346 0.067607
vn 0.071258 0.994729 0.073735
vn 0.070343 0.994960 0.071461
vn 0.069728 0.995116 0.069868
vn 0.068550 0.995263 0.068931
vn -0.523557 0.703661 0.480364
vn 0.069860 0.995080 0.070250
vn -0.487160 0.698527 0.524151
vn 0.070542 0.994934 0.071621
vn 0.067835 0.995329 0.068686
vn 0.070824 0.994938 0.071290
vn 0.069624 0.995052 0.070880
vn 0.067801 0.995271 0.069563
vn -0.265994 0.671450 0.691667
vn 0.072522 0.994810 0.071373
vn -0.215310 0.664953 0.715177
vn -0.161931 0.661097 0.732618
vn 0.070920 0.994957 0.070929
vn 0.067797 0.995234 0.070087
vn 0.069305 0.995086 0.070717
vn -0.053260 0.650100 0.757980
vn 0.066553 0.995294 0.070432
vn 0.002074 0.649778 0.760121
vn 0.069267 0.995125 0.070206
vn 0.072604 0.994884 0.070244
vn 0.113923 0.641563 0.758563
vn 0.069249 0.995085 0.070780
vn 0.170816 0.635592 0.752891
vn 0.224399 0.633793 0.740238
vn 0.070103 0.995065 0.070224
vn 0.276718 0.631339 0.724457
vn 0.069343 0.995105 0.070409
vn 0.064532 0.995285 0.072406
vn 0.071029 0.995065 0.069283
vn 0.071112 0.995018 0.069873
vn 0.067189 0.995140 0.071981
vn 0.071191 0.995081 0.068883
vn 0.068120 0.995056 0.072275
vn 0.067775 0.995078 0.072296
vn 0.069355 0.995099 0.070482
vn 0.070571 0.995192 0.067920
vn 0.070619 0.995130 0.068774
vn 0.068178 0.994982 0.073223
vn 0.069074 0.995071 0.071149
vn 0.068875 0.994981 0.072596
vn 0.069378 0.995218 0.068758
vn 0.519296 0.623485 0.584463
vn 0.474052 0.626092 0.619099
vn 0.379399 -0.764830 0.520664
vn 0.432307 0.624773 0.650207
vn 0.382613 0.627719 0.677921
vn 0.234071 -0.761248 0.604741
vn 0.331190 0.628113 0.704122
vn 0.073200 -0.753436 0.653434
vn 0.059228 0.641270 0.765026
vn -0.206793 -0.733662 0.647284
vn -0.107472 0.657453 0.745791
vn -0.411973 -0.714345 0.565676
vn -0.318144 0.675231 0.665468
vn -0.460763 -0.707637 0.535675
vn -0.361120 0.682916 0.634994
vn -0.504428 -0.701991 0.502754
vn -0.406891 0.686386 0.602755
vn -0.449767 0.693880 0.562353
vn -0.652606 -0.680422 0.333365
vn -0.681839 -0.673666 0.285078
vn -0.555622 0.709714 0.433116
vn -0.581917 0.716071 0.385504
vn -0.703323 -0.670018 0.237513
vn -0.606749 0.720937 0.334822
vn -0.724406 -0.663731 0.186270
vn -0.629219 0.724138 0.282326
vn -0.739482 -0.660372 0.130671
vn -0.643873 0.730471 0.227682
vn -0.751309 -0.655693 0.074837
vn -0.760878 -0.648621 0.018861
vn 0.069728 0.994952 0.072166
vn 0.069823 0.995235 0.068057
vn 0.069542 0.995022 0.071373
vn 0.070102 0.995084 0.069947
vn 0.070177 0.995157 0.068831
vn -0.648064 0.754783 -0.101564
vn -0.633640 0.756803 -0.160468
vn -0.731462 -0.631775 -0.256561
vn -0.745556 -0.635040 -0.202167
vn -0.657245 0.752180 -0.047473
vn -0.069182 -0.994981 -0.072302
vn -0.069169 -0.995064 -0.071161
vn -0.068555 -0.994922 -0.073690
vn -0.070658 -0.995112 -0.068985
vn -0.711280 -0.631331 -0.309033
vn -0.689111 -0.628388 -0.360907
vn -0.071304 -0.995256 -0.066191
vn -0.662293 -0.626726 -0.410587
vn -0.068222 -0.995045 -0.072322
vn -0.069754 -0.995099 -0.070094
vn -0.069350 -0.995124 -0.070140
vn -0.067524 -0.995098 -0.072253
vn -0.560958 -0.623966 -0.544052
vn -0.519057 -0.624476 -0.583618
vn -0.069070 -0.995089 -0.070910
vn -0.475351 -0.624713 -0.619495
vn -0.069043 -0.995079 -0.071070
vn -0.071147 -0.995018 -0.069841
vn -0.071333 -0.995031 -0.069465
vn -0.381058 -0.627724 -0.678791
vn -0.330177 -0.627562 -0.705088
vn -0.067293 -0.995175 -0.071403
vn -0.278858 -0.632675 -0.722468
vn -0.067306 -0.995193 -0.071143
vn -0.070131 -0.995057 -0.070303
vn -0.224350 -0.633798 -0.740249
vn -0.068718 -0.995140 -0.070532
vn -0.169274 -0.635841 -0.753028
vn -0.114543 -0.640153 -0.759661
vn -0.067626 -0.995185 -0.070951
vn -0.069459 -0.995073 -0.070742
vn -0.069289 -0.995086 -0.070735
vn -0.003004 -0.647729 -0.761865
vn 0.052242 -0.651160 -0.757141
vn -0.069381 -0.995085 -0.070655
vn 0.107919 -0.656637 -0.746446
vn -0.072307 -0.994823 -0.071403
vn 0.161715 -0.662154 -0.731711
vn -0.070928 -0.994954 -0.070959
vn -0.069844 -0.995025 -0.071044
vn -0.069500 -0.995075 -0.070677
vn 0.266870 -0.671244 -0.691529
vn -0.067522 -0.995283 -0.069654
vn 0.316525 -0.676619 -0.664829
vn 0.361960 -0.683183 -0.634229
vn -0.068715 -0.995175 -0.070040
vn 0.408509 -0.686242 -0.601824
vn -0.067890 -0.995290 -0.069205
vn 0.449822 -0.692660 -0.563810
vn -0.070753 -0.994882 -0.072132
vn 0.486369 -0.699420 -0.523694
vn -0.069686 -0.995082 -0.070397
vn -0.069422 -0.995063 -0.070924
vn 0.522251 -0.703651 -0.481798
vn 0.555571 -0.708718 -0.434810
vn -0.071957 -0.994647 -0.074162
vn 0.582274 -0.715753 -0.385559
vn -0.069223 -0.995192 -0.069286
vn 0.607051 -0.720860 -0.334438
vn -0.069784 -0.994994 -0.071530
vn 0.629852 -0.724038 -0.281169
vn -0.069442 -0.995130 -0.069956
vn 0.643212 -0.730585 -0.229184
vn -0.068837 -0.995298 -0.068148
vn -0.069934 -0.994924 -0.072363
vn 0.655047 -0.734834 -0.175874
vn 0.661293 -0.740893 -0.117339
vn -0.069671 -0.995140 -0.069586
vn -0.069367 -0.995161 -0.069594
vn -0.069428 -0.995099 -0.070415
vn -0.068763 -0.994918 -0.073552
vn 0.665514 -0.743827 -0.061739
vn -0.069281 -0.994960 -0.072491
vn -0.070641 -0.995254 -0.066924
vn -0.068226 -0.995000 -0.072947
vn -0.069662 -0.995028 -0.071179
vn -0.070881 -0.995138 -0.068381
vn -0.069867 -0.995064 -0.070478
vn -0.067956 -0.995088 -0.071979
vn 0.760201 0.649420 -0.018655
vn 0.068588 0.995354 0.067575
vn 0.752921 0.653783 -0.075355
vn 0.069067 0.995155 0.069968
vn 0.069444 0.994910 0.073015
vn 0.068942 0.995166 0.069935
vn 0.069788 0.994966 0.071924
vn 0.068570 0.995237 0.069293
vn 0.070618 0.994868 0.072467
vn 0.069187 0.995049 0.071349
vn 0.069376 0.995117 0.070212
vn 0.070671 0.994879 0.072261
vn 0.545265 0.697657 -0.464717
vn 0.584054 0.690827 -0.426191
vn 0.618806 0.686214 -0.382347
vn 0.067541 0.995316 0.069171
vn 0.504906 0.702968 -0.500906
vn 0.070738 0.994912 0.071738
vn 0.069433 0.995035 0.071305
vn 0.067464 0.995270 0.069902
vn 0.070043 0.995016 0.070972
vn 0.072908 0.994753 0.071763
vn 0.258568 0.727211 -0.635851
vn 0.069709 0.995028 0.071135
vn 0.206572 0.734529 -0.646371
vn 0.066740 0.995281 0.070444
vn 0.071686 0.994884 0.071183
vn 0.091954 0.743164 -0.662760
vn 0.069571 0.995018 0.071401
vn 0.068008 0.995146 0.071134
vn -0.015215 0.750278 -0.660947
vn 0.071646 0.994925 0.070648
vn -0.073412 0.752830 -0.654108
vn -0.128147 0.757953 -0.639599
vn 0.070037 0.995022 0.070889
vn -0.181450 0.757353 -0.627290
vn 0.067261 0.995165 0.071575
vn 0.067285 0.995144 0.071834
vn -0.233469 0.761581 -0.604555
vn 0.071384 0.994998 0.069881
vn 0.069140 0.995044 0.071467
vn 0.067043 0.995116 0.072452
vn 0.071354 0.995058 0.069054
vn -0.425027 0.764140 -0.485224
vn -0.463666 0.766605 -0.444219
vn 0.069577 0.995054 0.070896
vn 0.069619 0.995089 0.070370
vn 0.068547 0.995018 0.072388
vn -0.535060 0.764567 -0.359371
vn 0.069631 0.995099 0.070206
vn -0.566751 0.762991 -0.310868
vn 0.070779 0.995101 0.069017
vn 0.068476 0.994956 0.073306
vn -0.592207 0.762124 -0.261642
vn -0.614925 0.759266 -0.213030
vn -0.632550 -0.625251 -0.457101
vn -0.597641 -0.624150 -0.503252
vn -0.499828 0.765878 -0.404477
vn -0.378442 0.766794 -0.518467
vn -0.432486 -0.624389 -0.650457
vn -0.332050 0.765103 -0.551689
vn -0.285882 0.761925 -0.581156
vn -0.057943 -0.642224 -0.764324
vn 0.038297 0.746514 -0.664267
vn 0.151003 0.737250 -0.658529
vn 0.215202 -0.665701 -0.714514
vn 0.311426 0.724268 -0.615183
vn 0.364289 0.718077 -0.593008
vn 0.413068 0.712938 -0.566652
vn 0.461182 0.707703 -0.535226
vn 0.652791 0.680364 -0.333120
vn 0.680149 0.674937 -0.286106
vn 0.703555 0.669505 -0.238273
vn 0.724325 0.664382 -0.184256
vn 0.739194 0.660898 -0.129639
# 322 normals

usemtl Mat_0
f 1/1/1 2/2/2 3/3/3
f 3/3/3 4/4/4 1/1/1
f 5/5/5 1/6/1 4/7/4
f 6/8/6 5/5/5 4/7/4
f 4/7/4 7/9/7 6/8/6
f 8/10/8 6/8/6 7/9/7
f 7/9/7 9/11/9 8/10/8
f 10/12/10 8/10/8 9/11/9
f 9/11/9 11/13/11 10/12/10
f 12/14/12 10/12/10 11/13/11
f 11/13/11 13/15/13 12/14/12
f 14/16/14 12/14/12 13/15/13
f 13/15/13 15/17/15 14/16/14
f 16/18/16 14/16/14 15/17/15
f 15/17/15 17/19/17 16/18/16
f 18/20/18 16/18/16 17/19/17
f 17/19/17 19/21/19 18/20/18
f 20/22/20 18/20/18 19/21/19
f 19/21/19 21/23/21 20/22/20
f 22/24/22 20/22/20 21/23/21
f 21/23/21 23/25/23 22/24/22
f 23/26/23 24/27/24 22/28/22
f 25/29/25 22/30/22 24/31/24
f 26/32/26 25/29/25 24/31/24
f 26/32/26 24/31/24 27/33/27
f 26/32/26 27/33/27 28/34/28
f 29/35/29 28/34/28 27/33/27
f 29/35/29 27/33/27 30/36/30
f 29/35/29 30/36/30 31/37/31
f 29/35/29 31/37/31 32/38/32
f 32/38/32 31/37/31 33/39/33
f 33/39/33 28/34/28 32/38/32
f 34/40/34 28/34/28 33/39/33
f 33/39/33 35/41/35 34/40/34
f 34/40/34 35/41/35 36/42/36
f 37/43/37 34/40/34 36/42/36
f 37/43/37 36/42/36 38/44/38
f 37/43/37 38/44/38 28/34/28
f 39/45/39 28/34/28 38/44/38
f 39/45/39 38/44/38 40/46/40
f 39/45/39 40/46/40 41/47/41
f 41/47/41 40/46/40 42/48/42
f 41/47/41 42/48/42 43/49/43
f 44/50/44 41/47/41 43/49/43
f 44/50/44 43/49/43 45/51/45
f 46/52/46 44/50/44 45/51/45
f 46/52/46 45/51/45 47/53/47
f 46/52/46 47/53/47 28/34/28
f 48/54/48 28/34/28 47/53/47
f 48/54/48 47/53/47 49/55/49
f 48/54/48 49/55/49 50/56/50
f 50/56/50 49/55/49 51/57/51
f 50/56/50 51/57/51 52/58/52
f 52/58/52 53/59/53 50/56/50
f 28/34/28 50/56/50 53/59/53
f 28/34/28 53/59/53 54/60/54
f 54/60/54 55/61/55 28/34/28
f 28/34/28 55/61/55 56/62/56
f 57/63/57 28/34/28 56/62/56
f 57/63/57 56/62/56 58/64/58
f 57/63/57 58/64/58 59/65/59
f 59/65/59 58/64/58 60/66/60
f 59/65/59 60/66/60 61/67/61
f 61/67/61 62/68/62 59/65/59
f 28/34/28 59/65/59 62/68/62
f 28/34/28 62/68/62 63/69/63
f 28/34/28 63/69/63 64/70/64
f 28/34/28 64/70/64 65/71/65
f 28/34/28 65/71/65 66/72/66
f 28/34/28 66/72/66 67/73/67
f 28/34/28 67/73/67 68/74/68
f 28/34/28 68/74/68 69/75/69
f 28/34/28 69/75/69 70/76/70
f 71/77/71 28/34/28 70/76/70
f 71/77/71 70/76/70 72/78/72
f 73/79/73 71/77/71 72/78/72
f 74/80/74 73/81/73 72/82/72
f 75/83/75 74/80/74 72/82/72
f 72/82/72 76/84/76 75/83/75
f 76/84/76 77/85/77 75/83/75
f 78/86/78 75/87/75 77/88/77
f 78/86/78 77/88/77 79/89/79
f 79/89/79 80/90/80 78/86/78
f 81/91/81 78/86/78 80/90/80
f 81/91/81 80/90/80 82/92/82
f 81/91/81 82/92/82 83/93/83
f 83/93/83 84/94/84 81/91/81
f 81/91/81 84/94/84 85/95/85
f 81/91/81 85/95/85 86/96/86
f 87/97/87 81/91/81 86/96/86
f 87/97/87 86/96/86 88/98/88
f 87/97/87 88/98/88 89/99/89
f 89/99/89 88/98/88 90/100/90
f 90/100/90 91/101/91 89/99/89
f 89/99/89 91/101/91 81/91/81
f 91/101/91 92/102/92 81/91/81
f 92/102/92 93/103/93 81/91/81
f 93/103/93 94/104/94 81/91/81
f 95/105/95 81/91/81 94/104/94
f 95/105/95 94/104/94 96/106/96
f 95/105/95 96/106/96 97/107/97
f 97/107/97 96/106/96 98/108/98
f 97/107/97 98/108/98 99/109/99
f 99/109/99 100/110/100 97/107/97
f 81/91/81 97/107/97 100/110/100
f 81/91/81 100/110/100 101/111/101
f 102/112/102 81/91/81 101/111/101
f 102/112/102 101/111/101 103/113/103
f 102/112/102 103/113/103 104/114/104
f 104/114/104 103/113/103 105/115/105
f 104/114/104 105/115/105 106/116/106
f 104/114/104 106/116/106 81/91/81
f 107/117/107 81/91/81 106/116/106
f 107/117/107 106/116/106 108/118/108
f 107/117/107 108/118/108 109/119/109
f 109/119/109 108/118/108 110/120/110
f 109/119/109 110/120/110 111/121/111
f 112/122/112 109/119/109 111/121/111
f 112/122/112 111/121/111 113/123/113
f 114/124/114 112/122/112 113/123/113
f 114/124/114 113/123/113 115/125/115
f 114/124/114 115/125/115 81/91/81
f 115/125/115 116/126/116 81/91/81
f 116/126/116 117/127/117 81/91/81
f 117/127/117 118/128/118 81/91/81
f 118/128/118 119/129/119 81/91/81
f 119/129/119 120/130/120 81/91/81
f 121/131/121 81/91/81 120/130/120
f 121/131/121 120/130/120 21/132/21
f 121/131/121 21/132/21 122/133/122
f 121/131/121 122/133/122 81/91/81
f 122/133/122 123/134/123 81/91/81
f 123/134/123 124/135/124 81/91/81
f 125/136/125 81/91/81 124/135/124
f 125/136/125 124/135/124 13/137/13
f 125/136/125 13/137/13 126/138/126
f 125/136/125 126/138/126 81/91/81
f 127/139/127 81/91/81 126/138/126
f 127/139/127 126/138/126 9/140/9
f 128/141/128 127/139/127 9/140/9
f 127/139/127 128/141/128 81/91/81
f 128/141/128 3/3/3 81/91/81
f 3/3/3 128/141/128 7/142/7
f 123/134/123 17/143/17 124/135/124
f 122/133/122 19/144/19 123/134/123
f 119/129/119 129/145/129 120/130/120
f 120/130/120 129/145/129 23/146/23
f 119/129/119 130/147/130 129/145/129
f 129/148/129 130/149/130 131/150/131
f 131/150/131 24/27/24 129/148/129
f 30/151/30 131/150/131 130/149/130
f 130/149/130 132/152/132 30/151/30
f 118/128/118 132/153/132 130/147/130
f 118/128/118 130/147/130 119/129/119
f 117/127/117 132/153/132 118/128/118
f 117/127/117 133/154/133 132/153/132
f 31/155/31 132/152/132 133/156/133
f 133/156/133 134/157/134 31/155/31
f 134/157/134 133/156/133 135/158/135
f 135/158/135 35/159/35 134/157/134
f 35/159/35 135/158/135 113/160/113
f 116/126/116 135/161/135 133/154/133
f 117/127/117 116/126/116 133/154/133
f 115/125/115 135/161/135 116/126/116
f 115/125/115 113/123/113 135/161/135
f 114/124/114 81/91/81 112/122/112
f 113/160/113 111/162/111 36/163/36
f 136/164/136 36/163/36 111/162/111
f 112/122/112 81/91/81 109/119/109
f 111/162/111 110/165/110 136/164/136
f 40/166/40 136/164/136 110/165/110
f 110/165/110 108/167/108 40/166/40
f 106/116/106 137/168/137 108/118/108
f 108/167/108 137/169/137 42/170/42
f 107/117/107 109/119/109 81/91/81
f 106/116/106 105/115/105 137/168/137
f 137/169/137 105/171/105 43/172/43
f 105/171/105 103/173/103 45/174/45
f 103/173/103 138/175/138 45/174/45
f 138/175/138 103/173/103 139/176/139
f 139/176/139 49/177/49 138/175/138
f 49/177/49 139/176/139 99/178/99
f 101/111/101 99/109/99 139/179/139
f 101/111/101 139/179/139 103/113/103
f 102/112/102 104/114/104 81/91/81
f 99/109/99 101/111/101 100/110/100
f 51/180/51 99/178/99 98/181/98
f 98/181/98 52/182/52 51/180/51
f 52/182/52 98/181/98 96/183/96
f 96/183/96 140/184/140 52/182/52
f 140/184/140 96/183/96 141/185/141
f 54/60/54 52/58/52 140/186/140
f 142/187/142 140/184/140 141/185/141
f 141/185/141 143/188/143 142/187/142
f 144/189/144 142/187/142 143/188/143
f 143/188/143 145/190/145 144/189/144
f 145/190/145 58/191/58 144/189/144
f 58/191/58 145/190/145 146/192/146
f 92/102/92 146/193/146 145/194/145
f 93/103/93 145/194/145 143/195/143
f 55/61/55 142/196/142 144/197/144
f 94/104/94 143/195/143 141/198/141
f 55/61/55 140/186/140 142/196/142
f 94/104/94 141/198/141 96/106/96
f 95/105/95 97/107/97 81/91/81
f 93/103/93 143/195/143 94/104/94
f 92/102/92 145/194/145 93/103/93
f 91/101/91 146/193/146 92/102/92
f 91/101/91 90/100/90 146/193/146
f 146/199/146 90/200/90 60/201/60
f 61/202/61 90/200/90 88/203/88
f 90/200/90 61/202/61 60/201/60
f 88/203/88 147/204/147 61/202/61
f 63/69/63 61/67/61 147/205/147
f 63/69/63 147/205/147 148/206/148
f 148/207/148 147/204/147 149/208/149
f 149/208/149 150/209/150 148/207/148
f 151/210/151 148/207/148 150/209/150
f 150/209/150 152/211/152 151/210/151
f 153/212/153 151/210/151 152/211/152
f 152/211/152 154/213/154 153/212/153
f 155/214/155 153/212/153 154/213/154
f 154/213/154 156/215/156 155/214/155
f 157/216/157 155/214/155 156/215/156
f 156/215/156 79/217/79 157/216/157
f 79/217/79 158/218/158 157/216/157
f 69/75/69 157/219/157 158/220/158
f 82/92/82 79/89/79 156/221/156
f 67/73/67 155/222/155 157/219/157
f 83/93/83 156/221/156 154/223/154
f 67/73/67 153/224/153 155/222/155
f 84/94/84 154/223/154 152/225/152
f 65/71/65 151/226/151 153/224/153
f 84/94/84 152/225/152 150/227/150
f 65/71/65 148/206/148 151/226/151
f 86/96/86 150/227/150 149/228/149
f 147/204/147 88/203/88 149/208/149
f 86/96/86 149/228/149 88/98/88
f 87/97/87 89/99/89 81/91/81
f 150/227/150 86/96/86 85/95/85
f 150/227/150 85/95/85 84/94/84
f 83/93/83 154/223/154 84/94/84
f 156/221/156 83/93/83 82/92/82
f 159/229/159 78/86/78 81/91/81
f 159/229/159 81/91/81 160/230/160
f 159/229/159 160/230/160 75/87/75
f 161/231/161 160/230/160 81/91/81
f 162/232/162 161/231/161 81/91/81
f 162/232/162 81/91/81 163/233/163
f 162/232/162 163/233/163 164/234/164
f 163/233/163 165/235/165 164/234/164
f 164/236/164 165/237/165 166/238/166
f 166/238/166 167/239/167 164/236/164
f 167/239/167 168/240/168 164/236/164
f 161/231/161 164/234/164 168/241/168
f 168/240/168 167/239/167 73/81/73
f 169/242/169 73/79/73 167/243/167
f 170/244/170 73/79/73 169/242/169
f 170/244/170 169/242/169 28/34/28
f 171/245/171 28/34/28 169/242/169
f 171/245/171 169/242/169 166/246/166
f 171/245/171 166/246/166 172/247/172
f 172/247/172 166/246/166 173/248/173
f 172/247/172 173/248/173 174/249/174
f 175/250/175 172/247/172 174/249/174
f 175/250/175 174/249/174 176/251/176
f 177/252/177 175/250/175 176/251/176
f 177/252/177 176/251/176 178/253/178
f 177/252/177 178/253/178 28/34/28
f 178/253/178 179/254/179 28/34/28
f 180/255/180 28/34/28 179/254/179
f 180/255/180 179/254/179 181/256/181
f 180/255/180 181/256/181 182/257/182
f 180/255/180 182/257/182 183/258/183
f 183/258/183 182/257/182 184/259/184
f 185/260/185 183/258/183 184/259/184
f 185/260/185 184/259/184 186/261/186
f 185/260/185 186/261/186 28/34/28
f 187/262/187 28/34/28 186/261/186
f 186/261/186 188/263/188 187/262/187
f 187/262/187 188/263/188 189/264/189
f 190/265/190 187/262/187 189/264/189
f 190/265/190 189/264/189 191/266/191
f 190/265/190 191/266/191 192/267/192
f 192/267/192 28/34/28 190/265/190
f 193/268/193 28/34/28 192/267/192
f 193/268/193 192/267/192 194/269/194
f 193/268/193 194/269/194 195/270/195
f 195/270/195 194/269/194 196/271/196
f 195/270/195 196/271/196 197/272/197
f 198/273/198 195/270/195 197/272/197
f 198/273/198 197/272/197 199/274/199
f 198/273/198 199/274/199 28/34/28
f 200/275/200 28/34/28 199/274/199
f 200/275/200 199/274/199 201/276/201
f 200/275/200 201/276/201 202/277/202
f 203/278/203 200/275/200 202/277/202
f 203/278/203 202/277/202 204/279/204
f 203/278/203 205/280/205 28/34/28
f 205/280/205 203/278/203 204/279/204
f 205/280/205 204/279/204 206/281/206
f 206/281/206 207/282/207 205/280/205
f 28/34/28 205/280/205 207/282/207
f 28/34/28 207/282/207 208/283/208
f 209/284/209 28/34/28 208/283/208
f 209/284/209 208/283/208 210/285/210
f 210/285/210 211/286/211 209/284/209
f 211/286/211 210/285/210 212/287/212
f 211/286/211 212/287/212 213/288/213
f 214/289/214 211/286/211 213/288/213
f 214/289/214 213/288/213 215/290/215
f 216/291/216 214/289/214 215/290/215
f 216/291/216 215/290/215 217/292/217
f 218/293/218 216/291/216 217/292/217
f 218/293/218 217/292/217 219/294/219
f 219/294/219 220/295/220 218/293/218
f 28/34/28 218/293/218 220/295/220
f 221/296/221 28/34/28 220/295/220
f 221/296/221 220/295/220 222/297/222
f 221/296/221 222/297/222 223/298/223
f 224/299/224 221/296/221 223/298/223
f 224/299/224 223/298/223 225/300/225
f 226/301/226 224/299/224 225/300/225
f 226/301/226 225/300/225 227/302/227
f 228/303/228 226/301/226 227/302/227
f 228/303/228 227/302/227 229/304/229
f 230/305/230 228/303/228 229/304/229
f 230/305/230 229/304/229 231/306/231
f 231/306/231 232/307/232 230/305/230
f 28/34/28 230/305/230 232/307/232
f 233/308/233 28/34/28 232/307/232
f 233/308/233 232/307/232 234/309/234
f 233/308/233 234/309/234 235/310/235
f 235/310/235 236/311/236 233/308/233
f 236/311/236 235/310/235 237/312/237
f 28/34/28 236/311/236 237/312/237
f 238/313/238 28/34/28 237/312/237
f 238/313/238 237/312/237 5/314/5
f 238/313/238 5/314/5 239/315/239
f 240/316/240 5/314/5 237/312/237
f 238/313/238 239/315/239 28/34/28
f 241/317/241 28/34/28 239/315/239
f 241/317/241 239/315/239 8/318/8
f 241/317/241 8/318/8 242/319/242
f 241/317/241 242/319/242 28/34/28
f 243/320/243 28/34/28 242/319/242
f 243/320/243 242/319/242 12/321/12
f 244/322/244 28/34/28 243/320/243
f 244/322/244 243/320/243 14/323/14
f 245/324/245 28/34/28 244/322/244
f 245/324/245 244/322/244 16/325/16
f 246/326/246 28/34/28 245/324/245
f 246/326/246 245/324/245 18/327/18
f 246/326/246 18/327/18 247/328/247
f 246/326/246 247/328/247 28/34/28
f 25/29/25 28/34/28 247/328/247
f 237/312/237 235/310/235 240/316/240
f 240/329/240 235/330/235 248/331/248
f 248/331/248 1/6/1 240/329/240
f 249/332/249 1/1/1 248/333/248
f 249/332/249 248/333/248 250/334/250
f 251/335/251 249/332/249 250/334/250
f 250/334/250 252/336/252 251/335/251
f 251/335/251 252/336/252 81/91/81
f 252/336/252 253/337/253 81/91/81
f 81/91/81 253/337/253 254/338/254
f 81/91/81 254/338/254 255/339/255
f 255/339/255 256/340/256 81/91/81
f 81/91/81 256/340/256 257/341/257
f 81/91/81 257/341/257 258/342/258
f 259/343/259 81/91/81 258/342/258
f 260/344/260 259/343/259 258/342/258
f 258/342/258 261/345/261 260/344/260
f 260/346/260 219/347/219 217/348/217
f 219/347/219 260/346/260 261/349/261
f 261/349/261 222/350/222 219/347/219
f 222/350/222 261/349/261 262/351/262
f 258/342/258 262/352/262 261/345/261
f 259/343/259 260/344/260 263/353/263
f 263/353/263 260/344/260 264/354/264
f 264/354/264 265/355/265 263/353/263
f 81/91/81 263/353/263 265/355/265
f 265/355/265 266/356/266 81/91/81
f 81/91/81 266/356/266 267/357/267
f 81/91/81 267/357/267 268/358/268
f 269/359/269 81/91/81 268/358/268
f 269/359/269 268/358/268 270/360/270
f 269/359/269 270/360/270 271/361/271
f 271/361/271 270/360/270 272/362/272
f 271/361/271 272/362/272 273/363/273
f 271/361/271 273/363/273 81/91/81
f 81/91/81 273/363/273 274/364/274
f 274/364/274 275/365/275 276/366/276
f 276/366/276 81/91/81 274/364/274
f 277/367/277 81/91/81 276/366/276
f 277/367/277 276/366/276 278/368/278
f 279/369/279 277/367/277 278/368/278
f 278/368/278 280/370/280 279/369/279
f 279/369/279 280/370/280 281/371/281
f 282/372/282 279/369/279 281/371/281
f 282/372/282 281/371/281 283/373/283
f 284/374/284 282/372/282 283/373/283
f 285/375/285 284/374/284 283/373/283
f 285/375/285 283/373/283 286/376/286
f 285/375/285 286/376/286 287/377/287
f 285/375/285 287/377/287 81/91/81
f 287/377/287 288/378/288 81/91/81
f 288/378/288 289/379/289 81/91/81
f 290/380/290 81/91/81 289/379/289
f 290/380/290 289/379/289 291/381/291
f 290/380/290 291/381/291 292/382/292
f 293/383/293 290/380/290 292/382/292
f 293/383/293 292/382/292 294/384/294
f 293/383/293 294/384/294 81/91/81
f 295/385/295 81/91/81 294/384/294
f 295/385/295 294/384/294 296/386/296
f 295/385/295 296/386/296 297/387/297
f 297/387/297 296/386/296 298/388/298
f 297/387/297 298/388/298 299/389/299
f 297/387/297 299/389/299 81/91/81
f 299/389/299 300/390/300 81/91/81
f 299/389/299 301/391/301 300/390/300
f 300/390/300 301/391/301 302/392/302
f 300/390/300 302/392/302 165/235/165
f 165/237/165 302/393/302 173/394/173
f 174/395/174 302/393/302 301/396/301
f 299/389/299 298/388/298 301/391/301
f 176/397/176 301/396/301 298/398/298
f 301/396/301 176/397/176 174/395/174
f 298/398/298 303/399/303 176/397/176
f 303/399/303 298/398/298 296/400/296
f 304/401/304 296/400/296 305/402/305
f 296/400/296 304/401/304 303/399/303
f 304/403/304 179/254/179 303/404/303
f 305/402/305 181/405/181 304/401/304
f 181/405/181 305/402/305 292/406/292
f 294/384/294 305/407/305 296/386/296
f 295/385/295 297/387/297 81/91/81
f 294/384/294 292/382/292 305/407/305
f 292/408/292 291/409/291 182/410/182
f 289/379/289 306/411/306 291/381/291
f 291/409/291 306/412/306 184/413/184
f 184/413/184 306/412/306 307/414/307
f 308/415/308 307/414/307 306/412/306
f 307/414/307 308/415/308 188/416/188
f 309/417/309 188/416/188 308/415/308
f 288/378/288 309/418/309 308/419/308
f 289/379/289 308/419/308 306/411/306
f 293/383/293 81/91/81 290/380/290
f 288/378/288 308/419/308 289/379/289
f 287/377/287 309/418/309 288/378/288
f 287/377/287 286/376/286 309/418/309
f 286/420/286 189/421/189 309/417/309
f 283/422/283 191/423/191 286/420/286
f 191/423/191 283/422/283 194/424/194
f 284/374/284 285/375/285 81/91/81
f 282/372/282 284/374/284 81/91/81
f 281/425/281 194/424/194 283/422/283
f 282/372/282 81/91/81 279/369/279
f 281/425/281 280/426/280 196/427/196
f 196/427/196 280/426/280 197/428/197
f 278/429/278 197/428/197 280/426/280
f 310/430/310 197/428/197 278/429/278
f 278/429/278 311/431/311 310/430/310
f 201/432/201 310/430/310 311/431/311
f 311/431/311 275/433/275 201/432/201
f 276/366/276 275/365/275 311/434/311
f 276/366/276 311/434/311 278/368/278
f 277/367/277 279/369/279 81/91/81
f 274/364/274 312/435/312 275/365/275
f 275/433/275 312/436/312 202/437/202
f 312/435/312 274/364/274 273/363/273
f 273/363/273 272/362/272 312/435/312
f 312/436/312 272/438/272 204/439/204
f 272/438/272 270/440/270 206/441/206
f 313/442/313 206/441/206 270/440/270
f 270/440/270 314/443/314 313/442/313
f 313/442/313 314/443/314 210/444/210
f 315/445/315 210/444/210 314/443/314
f 268/358/268 315/446/315 314/447/314
f 268/358/268 314/447/314 270/360/270
f 269/359/269 271/361/271 81/91/81
f 315/446/315 268/358/268 267/357/267
f 315/446/315 267/357/267 266/356/266
f 266/356/266 316/448/316 315/446/315
f 316/449/316 212/450/212 315/445/315
f 266/356/266 317/451/317 316/448/316
f 316/449/316 317/452/317 213/453/213
f 265/355/265 317/451/317 266/356/266
f 265/355/265 264/354/264 317/451/317
f 317/452/317 264/454/264 215/455/215
f 264/454/264 260/456/260 217/457/217
f 259/343/259 263/353/263 81/91/81
f 262/352/262 258/342/258 257/341/257
f 257/341/257 318/458/318 262/352/262
f 223/459/223 262/351/262 318/460/318
f 318/458/318 257/341/257 256/340/256
f 256/340/256 319/461/319 318/458/318
f 318/460/318 319/462/319 225/463/225
f 255/339/255 319/461/319 256/340/256
f 255/339/255 320/464/320 319/461/319
f 319/462/319 320/465/320 227/466/227
f 320/464/320 255/339/255 254/338/254
f 254/338/254 321/467/321 320/464/320
f 320/465/320 321/468/321 229/469/229
f 321/467/321 254/338/254 253/337/253
f 253/337/253 322/470/322 321/467/321
f 321/468/321 322/471/322 231/472/231
f 234/473/234 231/472/231 322/471/322
f 322/471/322 250/474/250 234/473/234
f 252/336/252 322/470/322 253/337/253
f 252/336/252 250/334/250 322/470/322
f 251/335/251 81/91/81 249/332/249
f 81/91/81 2/2/2 249/332/249
f 250/474/250 248/331/248 235/330/235
f 235/330/235 234/473/234 250/474/250
f 28/34/28 233/308/233 236/311/236
f 232/307/232 231/306/231 234/309/234
f 231/472/231 229/469/229 321/468/321
f 28/34/28 228/303/228 230/305/230
f 229/469/229 227/466/227 320/465/320
f 28/34/28 226/301/226 228/303/228
f 227/466/227 225/463/225 319/462/319
f 28/34/28 224/299/224 226/301/226
f 225/463/225 223/459/223 318/460/318
f 262/351/262 223/459/223 222/350/222
f 28/34/28 221/296/221 224/299/224
f 220/295/220 219/294/219 222/297/222
f 218/293/218 28/34/28 216/291/216
f 217/457/217 215/455/215 264/454/264
f 216/291/216 28/34/28 214/289/214
f 215/455/215 213/453/213 317/452/317
f 214/289/214 28/34/28 211/286/211
f 213/453/213 212/450/212 316/449/316
f 210/444/210 315/445/315 212/450/212
f 208/283/208 313/475/313 210/285/210
f 209/284/209 211/286/211 28/34/28
f 208/283/208 207/282/207 313/475/313
f 207/282/207 206/281/206 313/475/313
f 206/441/206 204/439/204 272/438/272
f 204/439/204 202/437/202 312/436/312
f 202/437/202 201/432/201 275/433/275
f 199/274/199 310/476/310 201/276/201
f 203/278/203 28/34/28 200/275/200
f 199/274/199 197/272/197 310/476/310
f 198/273/198 28/34/28 195/270/195
f 196/427/196 194/424/194 281/425/281
f 193/268/193 195/270/195 28/34/28
f 192/267/192 191/266/191 194/269/194
f 189/421/189 286/420/286 191/423/191
f 188/416/188 309/417/309 189/421/189
f 186/261/186 307/477/307 188/263/188
f 190/265/190 28/34/28 187/262/187
f 186/261/186 184/259/184 307/477/307
f 185/260/185 28/34/28 183/258/183
f 184/413/184 182/410/182 291/409/291
f 182/410/182 181/478/181 292/408/292
f 179/254/179 304/403/304 181/256/181
f 183/258/183 28/34/28 180/255/180
f 178/253/178 303/404/303 179/254/179
f 178/253/178 176/251/176 303/404/303
f 177/252/177 28/34/28 175/250/175
f 175/250/175 28/34/28 172/247/172
f 302/393/302 174/395/174 173/394/173
f 171/245/171 172/247/172 28/34/28
f 169/242/169 167/243/167 166/246/166
f 173/394/173 166/238/166 165/237/165
f 163/233/163 300/390/300 165/235/165
f 163/233/163 81/91/81 300/390/300
f 162/232/162 164/234/164 161/231/161
f 160/230/160 161/231/161 168/241/168
f 168/241/168 74/479/74 160/230/160
f 79/89/79 82/92/82 80/90/80
f 158/218/158 79/217/79 77/85/77
f 159/229/159 75/87/75 78/86/78
f 77/85/77 76/84/76 158/218/158
f 70/76/70 158/220/158 76/480/76
f 160/230/160 74/479/74 75/87/75
f 73/81/73 74/80/74 168/240/168
f 71/77/71 73/79/73 170/244/170
f 76/480/76 72/78/72 70/76/70
f 170/244/170 28/34/28 71/77/71
f 158/220/158 70/76/70 69/75/69
f 157/219/157 69/75/69 68/74/68
f 157/219/157 68/74/68 67/73/67
f 153/224/153 67/73/67 66/72/66
f 153/224/153 66/72/66 65/71/65
f 64/70/64 148/206/148 65/71/65
f 64/70/64 63/69/63 148/206/148
f 61/67/61 63/69/63 62/68/62
f 60/201/60 58/481/58 146/199/146
f 56/62/56 144/197/144 58/64/58
f 57/63/57 59/65/59 28/34/28
f 144/197/144 56/62/56 55/61/55
f 54/60/54 140/186/140 55/61/55
f 52/58/52 54/60/54 53/59/53
f 99/178/99 51/180/51 49/177/49
f 47/53/47 138/482/138 49/55/49
f 28/34/28 48/54/48 50/56/50
f 47/53/47 45/51/45 138/482/138
f 46/52/46 28/34/28 44/50/44
f 45/174/45 43/172/43 105/171/105
f 44/50/44 28/34/28 41/47/41
f 43/172/43 42/170/42 137/169/137
f 42/170/42 40/166/40 108/167/108
f 38/44/38 136/483/136 40/46/40
f 39/45/39 41/47/41 28/34/28
f 38/44/38 36/42/36 136/483/136
f 36/163/36 35/159/35 113/160/113
f 33/39/33 134/484/134 35/41/35
f 37/43/37 28/34/28 34/40/34
f 33/39/33 31/37/31 134/484/134
f 132/152/132 31/155/31 30/151/30
f 27/33/27 131/485/131 30/36/30
f 32/38/32 28/34/28 29/35/29
f 131/485/131 27/33/27 24/31/24
f 26/32/26 28/34/28 25/29/25
f 25/29/25 247/328/247 22/30/22
f 24/27/24 23/26/23 129/148/129
f 120/130/120 23/146/23 21/132/21
f 247/328/247 20/486/20 22/30/22
f 122/133/122 21/132/21 19/144/19
f 247/328/247 18/327/18 20/486/20
f 123/134/123 19/144/19 17/143/17
f 245/324/245 16/325/16 18/327/18
f 124/135/124 17/143/17 15/487/15
f 244/322/244 14/323/14 16/325/16
f 124/135/124 15/487/15 13/137/13
f 243/320/243 12/321/12 14/323/14
f 126/138/126 13/137/13 11/488/11
f 242/319/242 10/489/10 12/321/12
f 126/138/126 11/488/11 9/140/9
f 10/489/10 242/319/242 8/318/8
f 9/140/9 7/142/7 128/141/128
f 239/315/239 6/490/6 8/318/8
f 239/315/239 5/314/5 6/490/6
f 1/6/1 5/5/5 240/329/240
f 7/142/7 4/4/4 3/3/3
f 2/2/2 81/91/81 3/3/3
f 2/2/2 1/1/1 249/332/249

g Object.2
#pivot 0.000000 0.000000 0.000000

v -791.985657 42.425446 14.017338
v -664.477722 33.840244 15.236522
v -664.223572 33.230644 25.294918
v -791.528442 41.053844 33.981720
v -789.598083 70.517853 35.912125
v -787.515259 69.197037 55.825729
v -789.547180 39.733044 53.946125
v -783.857666 67.774635 75.536125
v -785.788086 38.310642 73.656525
v -778.777588 66.098244 94.890938
v -780.708130 36.786644 93.112953
v -772.072021 64.523445 113.737724
v -774.053223 35.110245 111.908936
v -763.943970 62.897839 132.025726
v -765.874512 33.383041 130.247757
v -754.393677 61.170650 149.704132
v -756.374878 31.706640 147.824493
v -743.522522 59.443436 166.417297
v -745.452820 29.877840 164.639343
v -731.279724 57.665451 182.317749
v -733.210083 28.099844 180.438141
v -717.868530 55.735043 197.202118
v -719.798828 26.271044 195.271729
v -703.339661 53.957050 210.918152
v -626.326904 55.328651 107.794128
v -619.062439 54.312649 114.702927
v -611.340820 53.449036 120.900551
v -534.785278 54.719044 18.386135
v -603.111328 52.585438 126.590149
v -671.234070 50.350246 234.844940
v -653.962036 48.572243 244.801727
v -594.373657 51.620243 131.568542
v -585.331238 50.858246 135.835709
v -575.984009 50.045444 139.391754
v -617.081299 45.168644 260.498901
v -597.878845 43.543045 266.086914
v -566.332031 49.181843 142.236557
v -556.527588 48.369041 144.319321
v -546.621643 47.607044 145.640106
v -558.356384 40.495045 272.741760
v -536.614014 46.895844 146.046539
v -538.392029 39.072643 273.757721
v -518.427673 37.802643 273.148132
v -526.555725 46.337044 145.792511
v -498.463257 36.685043 271.065338
v -516.649658 45.676643 144.674957
v -506.794464 45.219444 142.846130
v -497.040894 44.711445 140.204544
v -459.347260 34.602245 262.022919
v -487.642853 44.254246 136.800919
v -440.500397 33.789444 255.317291
v -422.161591 33.027443 247.036926
v -478.498840 43.949444 132.736923
v -469.710449 43.695442 127.961739
v -461.277649 43.441444 122.424522
v -453.302094 43.289043 116.328522
v -445.783661 43.238243 109.572136
v -356.883636 31.605043 200.707306
v -438.874847 43.136642 102.256935
v -343.015228 31.655844 186.076904
v -330.416840 31.808243 170.532166
v -432.626465 43.339844 94.433716
v -426.987640 43.390644 86.153343
v -421.958435 43.644642 77.466537
v -417.589630 43.898643 68.373322
v -413.982849 44.254246 59.076942
v -411.188812 44.609844 49.424938
v -409.004425 45.067043 39.620518
v -407.785278 45.676643 29.663740
v -407.175629 46.184643 19.656141
v -407.480438 46.845043 9.648539
v -280.023224 39.021843 0.910917
v -282.156860 40.393444 -19.053467
v -281.953613 9.557843 -0.917870
v -281.547211 8.186242 19.097332
v -279.616821 37.701046 20.926121
v -282.512451 7.017842 39.061737
v -409.715637 16.161844 27.834929
v -285.255646 6.052643 58.975327
v -410.985626 15.603044 37.740936
v -536.715698 25.356644 16.506527
v -413.119293 15.196642 47.545326
v -415.964020 14.739444 57.248123
v -419.519989 14.383842 66.595322
v -423.939606 14.180644 75.586922
v -428.968903 13.926641 84.273727
v -434.607697 13.825044 92.554138
v -332.347290 2.242641 168.703339
v -440.906891 13.672642 100.377327
v -344.996429 2.141043 184.298950
v -447.714050 13.774243 107.743324
v -455.334015 13.774243 114.499748
v -463.208038 13.926641 120.646538
v -471.691650 14.180644 126.082123
v -480.480042 14.434644 130.908157
v -424.092041 3.563442 245.258942
v -489.573303 14.790244 135.022919
v -442.430847 4.376242 253.488495
v -461.277649 5.138243 260.194092
v -499.022095 15.247444 138.426544
v -508.724854 15.704644 140.966522
v -518.580078 16.263443 142.795319
v -500.393646 7.221043 269.236542
v -528.536804 16.822245 143.912964
v -520.358032 8.389442 271.268555
v -538.544434 17.431843 144.217743
v -548.602783 18.193842 143.760529
v -560.337646 11.081843 270.862091
v -558.508850 18.955843 142.439713
v -580.200439 12.555043 268.423737
v -599.860107 14.129842 264.258087
v -568.313293 19.667044 140.356918
v -619.062439 15.653842 258.670105
v -577.914368 20.530643 137.613754
v -587.312439 21.343443 134.006927
v -596.304077 22.156242 129.790527
v -605.041626 23.121445 124.812126
v -613.271301 23.985044 119.122528
v -621.043701 24.899445 112.823349
v -628.257324 25.864643 105.965324
v -634.962891 26.677441 98.497742
v -641.109680 27.591845 90.572937
v -646.545288 28.455441 82.190926
v -651.320435 29.420643 73.402519
v -655.435242 30.182644 64.258522
v -658.686462 30.995443 54.860523
v -661.328064 31.757441 45.106937
v -663.207581 32.468643 35.251724
v -705.270081 24.493044 209.140106
v -689.674377 22.715044 221.586151
v -687.744080 52.128242 223.465729
v -673.164429 20.937042 232.965332
v -655.892395 19.108244 242.922150
v -635.877258 46.895844 253.336151
v -637.858459 17.381042 251.507355
v -578.219238 42.019043 270.252502
v -540.322449 9.710242 271.979706
v -478.752838 35.567444 267.255310
v -480.734009 6.103442 265.426544
v -404.534058 32.519444 237.435699
v -406.464386 3.055442 235.657715
v -387.719299 32.062244 226.462891
v -389.649597 2.598242 224.583374
v -371.768036 31.757441 214.220154
v -373.698425 2.242641 212.391327
v -358.814056 2.141043 198.878510
v -319.037628 32.113045 154.022156
v -309.030029 32.417843 136.546951
v -321.018829 2.547441 152.142517
v -311.011230 2.903042 134.718109
v -300.394073 32.976646 118.462128
v -302.324463 3.461843 116.582535
v -293.129639 33.637043 99.716927
v -295.060028 4.274642 97.888138
v -287.440063 34.551441 80.463737
v -289.370422 5.087442 78.584122
v -283.274414 35.516644 60.804138
v -280.582062 36.481846 40.941319
v -409.105988 16.720642 17.827328
v -409.410858 17.381042 7.819726
v -410.426880 18.092243 -2.137079
v -412.306396 18.803442 -11.992268
v -414.846466 19.616243 -21.745865
v -287.694061 12.250243 -40.541870
v -292.824890 13.875842 -59.947487
v -290.894440 43.339844 -58.169479
v -285.763672 41.765045 -38.763882
v -284.138062 10.878642 -20.882278
v -410.325165 48.267445 -10.163479
v -408.445618 47.556244 -0.308266
v -412.865265 49.080242 -19.866280
v -416.218048 49.791443 -29.315071
v -297.650818 44.965443 -76.965462
v -305.778870 46.692642 -95.304260
v -420.332855 50.756641 -38.459072
v -315.329254 48.419846 -112.881065
v -425.108093 51.620243 -47.196671
v -430.492859 52.433044 -55.680275
v -436.588837 53.398243 -63.554276
v -443.243713 54.261837 -71.021873
v -351.752838 53.753838 -160.328247
v -366.281616 55.633450 -174.196686
v -450.609650 55.176250 -77.930672
v -381.877258 57.360645 -186.693451
v -458.331207 56.090637 -84.229874
v -466.611664 56.954239 -89.817879
v -475.349304 57.919437 -94.847084
v -415.760895 61.018250 -208.029480
v -433.896515 62.643848 -216.614716
v -484.340851 58.732243 -99.063484
v -452.540100 64.421844 -223.625122
v -493.688049 59.545044 -102.721085
v -503.289246 60.357845 -105.464272
v -471.793243 66.047447 -229.314697
v -513.093689 61.170650 -107.496262
v -491.402100 67.520653 -233.480316
v -511.264801 68.993851 -235.969482
v -522.999634 61.881844 -108.715477
v -533.058044 62.542244 -109.274277
v -543.065674 63.202644 -108.969475
v -551.244385 71.686249 -236.375885
v -571.208862 72.854652 -234.242279
v -553.022461 63.812248 -107.902672
v -590.919250 73.972237 -230.483063
v -562.877563 64.320251 -106.023071
v -610.324829 74.937439 -225.250702
v -572.580383 64.879044 -103.483078
v -582.029236 65.285439 -100.079483
v -591.173279 65.641037 -96.015480
v -647.612122 76.461441 -210.315521
v -600.063293 65.895035 -91.138672
v -665.138062 77.020248 -200.714294
v -682.003723 77.477440 -189.639893
v -608.445251 66.098244 -85.703079
v -697.904053 77.731453 -177.447876
v -616.369995 66.250641 -79.556274
v -712.839172 77.934647 -163.935089
v -623.837646 66.301437 -72.850677
v -726.606079 77.934647 -149.355499
v -630.695679 66.352249 -65.484680
v -637.045654 66.199844 -57.712273
v -739.306091 77.782234 -133.759888
v -750.685303 77.528252 -117.249870
v -642.684387 66.149048 -49.381065
v -760.692871 77.172653 -99.774673
v -647.713623 65.945839 -40.694271
v -769.379700 76.613853 -81.639061
v -652.082458 65.641037 -31.651871
v -776.593323 75.851852 -62.995476
v -655.638428 65.336250 -22.253876
v -782.232056 75.039047 -43.640675
v -658.533997 64.879044 -12.652668
v -660.667664 64.421844 -2.797480
v -786.448425 74.124634 -24.031868
v -789.039307 73.108635 -4.169077
v -661.988525 63.913837 7.108529
v -662.547241 63.304249 17.116131
v -662.242493 62.643848 27.225325
v -661.226440 61.932636 37.080536
v -790.055176 71.838654 15.896922
v -659.397644 61.323051 46.986526
v -656.756042 60.459438 56.689320
v -653.504883 59.646648 66.036522
v -649.339233 58.884644 75.282127
v -644.563965 57.919437 84.019722
v -639.179260 57.106636 92.350922
v -633.032471 56.141449 100.326523
v -791.020508 43.593845 -5.997864
v -663.918823 34.399044 5.330538
v -788.429688 44.609844 -25.860680
v -662.598083 35.059441 -4.626268
v -660.515259 35.465843 -14.481482
v -657.568848 35.872242 -24.082664
v -654.063721 36.227840 -33.480682
v -649.694824 36.481846 -42.523071
v -644.614929 36.735844 -51.209869
v -639.026794 36.786644 -59.490280
v -632.676880 36.939045 -67.313484
v -625.768066 36.837444 -74.628677
v -714.769653 48.419846 -165.763885
v -728.587280 48.470646 -151.184296
v -741.236511 48.318245 -135.639496
v -618.300415 36.786644 -81.385078
v -699.834473 48.318245 -179.175110
v -610.375610 36.685043 -87.531883
v -601.993652 36.431042 -93.018280
v -593.103577 36.177044 -97.793472
v -584.010498 35.821445 -101.857460
v -574.510864 35.364243 -105.210274
v -612.255249 45.524242 -227.130249
v -564.808044 34.856243 -107.902672
v -592.951233 44.508244 -232.311890
v -554.952820 34.348244 -109.680672
v -544.996033 33.789444 -110.849052
v -553.225647 42.171444 -238.204651
v -534.988525 33.078243 -111.103081
v -524.980835 32.417843 -110.645866
v -513.246033 39.529846 -237.798309
v -515.074829 31.655844 -109.325073
v -493.383240 38.056644 -235.309113
v -473.774445 36.481846 -231.092651
v -505.270447 30.843040 -107.242271
v -454.470398 34.907043 -225.555511
v -495.618500 30.081043 -104.499062
v -486.271301 29.268244 -100.892281
v -435.826904 33.179840 -218.443451
v -477.279694 28.404640 -96.675865
v -468.592896 27.490240 -91.697479
v -460.261597 26.626644 -86.058678
v -452.540100 25.712244 -79.759460
v -368.212097 26.118643 -176.025452
v -353.734039 24.289845 -162.157074
v -445.224854 24.747044 -72.850677
v -438.519257 23.883444 -65.433868
v -432.474091 22.969044 -57.458282
v -328.130829 20.683044 -131.524689
v -427.038452 22.156242 -49.076271
v -317.259644 18.905045 -114.760674
v -422.263306 21.191044 -40.287880
v -418.148468 20.429043 -31.143883
v -307.760010 17.228643 -97.133072
v -299.581238 15.552242 -78.794266
v -326.200439 50.147045 -129.645081
v -338.341614 51.975845 -145.494690
v -340.322815 22.511845 -147.323486
v -383.858398 27.845844 -188.522278
v -398.438049 59.189445 -198.072693
v -400.419220 29.674644 -199.850708
v -417.742035 31.503445 -209.858276
v -531.229248 70.365448 -236.985504
v -533.159729 41.003044 -238.712677
v -573.190125 43.441444 -236.071075
v -629.273193 75.750237 -218.494263
v -631.254456 46.286243 -220.373901
v -649.542480 47.048244 -212.144318
v -667.119324 47.556244 -202.543091
v -683.934082 48.013443 -191.570282
v -752.615723 48.064243 -119.027885
v -762.623230 47.708641 -101.603477
v -771.310120 47.099045 -83.467873
v -778.523621 46.387844 -64.773468
v -784.162476 45.524242 -45.520271
# 322 positions

vt 0.792640 0.586294
vt 0.791664 0.688389
vt 0.783610 0.688593
vt 0.776655 0.586660
vt 0.459431 0.805407
vt 0.481925 0.787876
vt 0.483023 0.803861
vt 0.460489 0.821351
vt 0.484081 0.819846
vt 0.461628 0.837134
vt 0.485220 0.835629
vt 0.462970 0.852631
vt 0.486440 0.851207
vt 0.464231 0.867721
vt 0.487782 0.866257
vt 0.465533 0.882365
vt 0.489165 0.880941
vt 0.466916 0.896520
vt 0.490507 0.895015
vt 0.468299 0.909902
vt 0.491972 0.908478
vt 0.469722 0.922633
vt 0.493395 0.921128
vt 0.471268 0.934551
vt 0.494860 0.933005
vt 0.359894 0.965929
vt 0.373073 0.943761
vt 0.361440 0.942338
vt 0.281064 0.282813
vt 0.352652 0.356110
vt 0.363635 0.344477
vt 0.286596 0.276996
vt 0.291558 0.270814
vt 0.209475 0.209516
vt 0.296114 0.264224
vt 0.382793 0.318770
vt 0.390765 0.304940
vt 0.300100 0.257228
vt 0.303516 0.249988
vt 0.306364 0.242503
vt 0.403334 0.275410
vt 0.407808 0.260035
vt 0.308641 0.234775
vt 0.310309 0.226925
vt 0.311367 0.218993
vt 0.413137 0.228389
vt 0.311692 0.210980
vt 0.413950 0.212404
vt 0.413462 0.196418
vt 0.311489 0.202926
vt 0.411794 0.180433
vt 0.310594 0.194995
vt 0.309130 0.187104
vt 0.307014 0.179294
vt 0.404554 0.149113
vt 0.304290 0.171769
vt 0.399185 0.134022
vt 0.392555 0.119338
vt 0.301035 0.164447
vt 0.297212 0.157411
vt 0.292778 0.150659
vt 0.287897 0.144273
vt 0.282487 0.138253
vt 0.355459 0.067071
vt 0.276630 0.132721
vt 0.343745 0.055966
vt 0.331298 0.045879
vt 0.270366 0.127718
vt 0.263736 0.123203
vt 0.256781 0.119176
vt 0.249500 0.115678
vt 0.242056 0.112790
vt 0.234327 0.110553
vt 0.226477 0.108804
vt 0.218505 0.107827
vt 0.210492 0.107339
vt 0.202479 0.107583
vt 0.195483 0.005529
vt 0.179497 0.007237
vt 0.424332 0.795698
vt 0.449022 0.810219
vt 0.447924 0.794233
vt 0.423234 0.779671
vt 0.446866 0.778207
vt 0.422298 0.763686
vt 0.781576 0.892376
vt 0.788573 0.995000
vt 0.772587 0.994227
vt 0.756642 0.992031
vt 0.773645 0.891359
vt 0.790647 0.790688
vt 0.765794 0.889651
vt 0.758025 0.887373
vt 0.750541 0.884526
vt 0.743341 0.880987
vt 0.736386 0.876960
vt 0.729756 0.872445
vt 0.668784 0.954325
vt 0.723492 0.867401
vt 0.656296 0.944196
vt 0.717594 0.861951
vt 0.712184 0.855850
vt 0.707263 0.849545
vt 0.702910 0.842752
vt 0.699046 0.835715
vt 0.607486 0.880865
vt 0.695751 0.828434
vt 0.600897 0.866181
vt 0.595527 0.851091
vt 0.693026 0.820869
vt 0.690992 0.813100
vt 0.689528 0.805209
vt 0.588287 0.819771
vt 0.688633 0.797236
vt 0.586660 0.803785
vt 0.688389 0.789223
vt 0.688755 0.781170
vt 0.586986 0.771774
vt 0.689813 0.773238
vt 0.588938 0.755870
vt 0.592273 0.740128
vt 0.691480 0.765388
vt 0.596747 0.724753
vt 0.693677 0.757700
vt 0.696565 0.750175
vt 0.699941 0.742975
vt 0.703927 0.735979
vt 0.708483 0.729390
vt 0.713526 0.723167
vt 0.719018 0.717391
vt 0.724997 0.712021
vt 0.659388 0.633355
vt 0.731342 0.707100
vt 0.738054 0.702747
vt 0.745091 0.698924
vt 0.752412 0.695629
vt 0.714259 0.600652
vt 0.759937 0.693026
vt 0.767747 0.690911
vt 0.744887 0.591256
vt 0.775638 0.689406
vt 0.760669 0.588246
vt 0.685501 0.614807
vt 0.672038 0.623553
vt 0.636406 0.655727
vt 0.647510 0.644094
vt 0.626440 0.668214
vt 0.371527 0.967353
vt 0.384015 0.968777
vt 0.385560 0.945226
vt 0.398780 0.946649
vt 0.397234 0.970200
vt 0.617329 0.681434
vt 0.609357 0.695263
vt 0.412609 0.948073
vt 0.411064 0.971665
vt 0.427090 0.949415
vt 0.425504 0.973048
vt 0.442140 0.950798
vt 0.440553 0.974431
vt 0.602483 0.709703
vt 0.455929 0.975651
vt 0.457515 0.952100
vt 0.473256 0.953320
vt 0.471670 0.976912
vt 0.489161 0.954540
vt 0.487574 0.978091
vt 0.586091 0.787800
vt 0.503600 0.979190
vt 0.505146 0.955679
vt 0.519586 0.980247
vt 0.521131 0.956696
vt 0.535571 0.981183
vt 0.537117 0.957591
vt 0.552899 0.958486
vt 0.551313 0.982077
vt 0.568437 0.959259
vt 0.566891 0.982850
vt 0.591338 0.835512
vt 0.583527 0.959909
vt 0.581982 0.983460
vt 0.598211 0.960520
vt 0.596666 0.984111
vt 0.612326 0.960926
vt 0.610780 0.984518
vt 0.384867 0.105224
vt 0.625789 0.961292
vt 0.624244 0.984884
vt 0.638561 0.961536
vt 0.637015 0.985169
vt 0.650479 0.961658
vt 0.648933 0.985250
vt 0.644622 0.933133
vt 0.633803 0.921215
vt 0.624041 0.908443
vt 0.376081 0.091761
vt 0.366279 0.078988
vt 0.615173 0.894979
vt 0.418393 0.635721
vt 0.418393 0.647395
vt 0.442026 0.645972
vt 0.442148 0.658418
vt 0.418475 0.659883
vt 0.442392 0.671638
vt 0.318078 0.036768
vt 0.304086 0.028754
vt 0.442636 0.685630
vt 0.418719 0.673143
vt 0.419003 0.687094
vt 0.443083 0.700110
vt 0.419451 0.701615
vt 0.443612 0.715120
vt 0.420101 0.716584
vt 0.444344 0.730536
vt 0.420752 0.732041
vt 0.445117 0.746277
vt 0.421525 0.747741
vt 0.445890 0.762181
vt 0.243439 0.008132
vt 0.227535 0.005976
vt 0.740942 0.988736
vt 0.259180 0.011468
vt 0.725485 0.984180
vt 0.274596 0.016023
vt 0.710516 0.978364
vt 0.289606 0.021840
vt 0.695995 0.971408
vt 0.682044 0.963395
vt 0.789590 0.892864
vt 0.797602 0.892620
vt 0.805575 0.891807
vt 0.813466 0.890302
vt 0.821276 0.888268
vt 0.836325 0.990078
vt 0.851863 0.985970
vt 0.426488 0.827424
vt 0.427789 0.842962
vt 0.451381 0.841539
vt 0.450120 0.826001
vt 0.425390 0.811683
vt 0.820584 0.992926
vt 0.186615 0.109861
vt 0.163715 0.010125
vt 0.194506 0.108356
vt 0.178846 0.111895
vt 0.148177 0.014233
vt 0.171281 0.114579
vt 0.133128 0.019643
vt 0.118444 0.026151
vt 0.163959 0.117874
vt 0.104370 0.033798
vt 0.156963 0.121698
vt 0.150171 0.126009
vt 0.143866 0.130890
vt 0.137886 0.136219
vt 0.066379 0.062962
vt 0.055275 0.074596
vt 0.132355 0.142117
vt 0.045269 0.087083
vt 0.127311 0.148299
vt 0.122837 0.154929
vt 0.118809 0.161926
vt 0.028185 0.114213
vt 0.021311 0.128735
vt 0.115434 0.169125
vt 0.015698 0.143662
vt 0.112505 0.176609
vt 0.110309 0.184297
vt 0.011142 0.159078
vt 0.108682 0.192147
vt 0.007806 0.174779
vt 0.005814 0.190683
vt 0.107706 0.200079
vt 0.107258 0.208133
vt 0.107502 0.216146
vt 0.005488 0.222695
vt 0.007196 0.238680
vt 0.108356 0.224118
vt 0.010207 0.254462
vt 0.109861 0.232009
vt 0.014396 0.270000
vt 0.111895 0.239778
vt 0.114620 0.247344
vt 0.117874 0.254665
vt 0.026354 0.299856
vt 0.121779 0.261784
vt 0.034042 0.313889
vt 0.042909 0.327393
vt 0.126131 0.268495
vt 0.052672 0.340124
vt 0.131053 0.274840
vt 0.063491 0.352083
vt 0.136422 0.280820
vt 0.075165 0.363106
vt 0.142320 0.286311
vt 0.148543 0.291395
vt 0.087653 0.373275
vt 0.100872 0.382386
vt 0.155214 0.295910
vt 0.114864 0.390399
vt 0.162170 0.299937
vt 0.129385 0.397355
vt 0.169410 0.303435
vt 0.144313 0.403131
vt 0.176935 0.306282
vt 0.159810 0.407645
vt 0.184623 0.308601
vt 0.192513 0.310309
vt 0.175511 0.411021
vt 0.191415 0.413096
vt 0.200445 0.311367
vt 0.208458 0.311814
vt 0.216553 0.311570
vt 0.223508 0.413543
vt 0.224443 0.310757
vt 0.207482 0.413909
vt 0.232375 0.309292
vt 0.255235 0.408947
vt 0.240144 0.307177
vt 0.247628 0.304574
vt 0.285823 0.399510
vt 0.255031 0.301239
vt 0.300466 0.393002
vt 0.262028 0.297415
vt 0.314621 0.385355
vt 0.268699 0.293104
vt 0.328003 0.376651
vt 0.275084 0.288182
vt 0.458374 0.789381
vt 0.457357 0.773314
vt 0.480989 0.771850
vt 0.799595 0.688837
vt 0.808666 0.587067
vt 0.824570 0.589141
vt 0.807568 0.689894
vt 0.815459 0.691562
vt 0.823147 0.693921
vt 0.830672 0.696728
vt 0.837912 0.700226
vt 0.844867 0.704293
vt 0.851497 0.708768
vt 0.857761 0.713852
vt 0.863618 0.719384
vt 0.936590 0.648121
vt 0.924916 0.637057
vt 0.477125 0.643926
vt 0.453493 0.657064
vt 0.453493 0.645390
vt 0.477084 0.655599
vt 0.453615 0.669551
vt 0.477206 0.668046
vt 0.912470 0.626929
vt 0.869028 0.725363
vt 0.947328 0.660079
vt 0.873950 0.731708
vt 0.878343 0.738420
vt 0.882166 0.745538
vt 0.885421 0.752819
vt 0.888105 0.760425
vt 0.985726 0.730203
vt 0.890261 0.768194
vt 0.989875 0.745660
vt 0.891685 0.776085
vt 0.892620 0.784058
vt 0.994593 0.777468
vt 0.892823 0.792071
vt 0.892457 0.800084
vt 0.994268 0.809480
vt 0.891400 0.808015
vt 0.992275 0.825384
vt 0.988899 0.841084
vt 0.889732 0.815866
vt 0.984465 0.856541
vt 0.887536 0.823594
vt 0.884648 0.831078
vt 0.978771 0.871469
vt 0.881272 0.838278
vt 0.877285 0.845233
vt 0.872770 0.851904
vt 0.867727 0.858087
vt 0.944807 0.925608
vt 0.933702 0.937200
vt 0.862195 0.863944
vt 0.856256 0.869313
vt 0.849870 0.874153
vt 0.909175 0.957701
vt 0.843159 0.878506
vt 0.895752 0.966405
vt 0.836122 0.882329
vt 0.828800 0.885624
vt 0.881638 0.974012
vt 0.866954 0.980560
vt 0.429132 0.858053
vt 0.452683 0.856589
vt 0.454066 0.871272
vt 0.430474 0.872737
vt 0.455449 0.885346
vt 0.431816 0.886851
vt 0.456832 0.898769
vt 0.433240 0.900274
vt 0.458296 0.911460
vt 0.434704 0.912924
vt 0.078256 0.052224
vt 0.090947 0.042503
vt 0.459720 0.923337
vt 0.436128 0.924801
vt 0.921825 0.947939
vt 0.055336 0.454805
vt 0.066928 0.456269
vt 0.065383 0.479902
vt 0.954813 0.913080
vt 0.079456 0.457652
vt 0.077870 0.481284
vt 0.091130 0.482749
vt 0.092716 0.459116
vt 0.105000 0.484213
vt 0.106587 0.460581
vt 0.971896 0.885949
vt 0.963883 0.899820
vt 0.121067 0.461923
vt 0.119521 0.485515
vt 0.135995 0.463306
vt 0.134449 0.486938
vt 0.149865 0.488240
vt 0.151451 0.464567
vt 0.167152 0.465828
vt 0.165566 0.489420
vt 0.181470 0.490599
vt 0.183056 0.467007
vt 0.197455 0.491697
vt 0.199001 0.468187
vt 0.213482 0.492755
vt 0.215068 0.469123
vt 0.995000 0.793535
vt 0.992885 0.761483
vt 0.231053 0.470139
vt 0.229467 0.493691
vt 0.246876 0.470994
vt 0.245249 0.494585
vt 0.262332 0.471807
vt 0.260787 0.495358
vt 0.275958 0.496009
vt 0.277545 0.472417
vt 0.290643 0.496578
vt 0.292188 0.473027
vt 0.973727 0.700348
vt 0.980316 0.714991
vt 0.966039 0.686274
vt 0.306262 0.473434
vt 0.304676 0.497026
vt 0.957253 0.672810
vt 0.319725 0.473800
vt 0.318180 0.497392
vt 0.332457 0.474044
vt 0.330911 0.497595
vt 0.344415 0.474126
vt 0.342869 0.497758
vt 0.899169 0.617817
vt 0.453818 0.682770
vt 0.477410 0.681347
vt 0.885217 0.609804
vt 0.477694 0.695299
vt 0.454103 0.696763
vt 0.870696 0.602849
vt 0.454550 0.711284
vt 0.478183 0.709820
vt 0.855727 0.597073
vt 0.478752 0.724788
vt 0.455160 0.726212
vt 0.840312 0.592558
vt 0.479444 0.740204
vt 0.455811 0.741709
vt 0.456543 0.757410
vt 0.480176 0.755946
vt 0.019806 0.285172
vt 0.005000 0.206668
vt 0.036157 0.100343
vt 0.053749 0.478397
vt 0.804599 0.994675
vt 0.211509 0.005203
vt 0.441985 0.634257
vt 0.408744 0.164651
vt 0.411143 0.244293
vt 0.397599 0.290460
vt 0.373682 0.331989
vt 0.340734 0.366848
vt 0.699575 0.607201
vt 0.729309 0.595324
vt 0.270732 0.404879
vt 0.239453 0.411876
# 490 texture coordinates

vn -0.759908 -0.648054 -0.050655
vn -0.066036 -0.996053 -0.059306
vn -0.066390 -0.995740 -0.063985
vn -0.757730 -0.652562 0.002892
vn -0.667840 0.738656 0.091524
vn -0.660429 0.736557 0.146004
vn -0.754331 -0.653464 0.063005
vn -0.648720 0.733231 0.203799
vn -0.741428 -0.660613 0.117792
vn -0.637937 0.725497 0.258244
vn -0.730368 -0.661805 0.169047
vn -0.617518 0.723351 0.308925
vn -0.710262 -0.667867 0.222445
vn -0.595007 0.718843 0.359488
vn -0.686154 -0.673891 0.273979
vn -0.568852 0.713060 0.409820
vn -0.661376 -0.676706 0.323496
vn -0.537462 0.708775 0.456916
vn -0.629378 -0.682681 0.371254
vn -0.501225 0.704089 0.503023
vn -0.593739 -0.688775 0.416008
vn -0.466307 0.696153 0.545828
vn -0.556788 -0.694542 0.455631
vn -0.425148 0.693327 0.581849
vn 0.066392 0.995883 0.061711
vn 0.068736 0.995573 0.064109
vn 0.063477 0.996187 0.059854
vn 0.065987 0.995900 0.061871
vn 0.067769 0.995739 0.062534
vn -0.337424 0.682684 0.648142
vn -0.288206 0.676779 0.677427
vn 0.064896 0.996014 0.061193
vn 0.060527 0.996415 0.059113
vn 0.066889 0.995840 0.061870
vn -0.183026 0.668167 0.721148
vn -0.130665 0.664423 0.735846
vn 0.069892 0.995580 0.062732
vn 0.068671 0.995695 0.062252
vn 0.068286 0.995737 0.062012
vn -0.017571 0.655571 0.754929
vn 0.062787 0.996085 0.062234
vn 0.035556 0.651373 0.757924
vn 0.090239 0.648115 0.756178
vn 0.064798 0.995996 0.061586
vn 0.147386 0.644436 0.750319
vn 0.065536 0.995944 0.061656
vn 0.063346 0.996069 0.061924
vn 0.069365 0.995740 0.060751
vn 0.256162 0.639036 0.725268
vn 0.066049 0.995875 0.062212
vn 0.311109 0.637017 0.705281
vn 0.361432 0.634881 0.682856
vn 0.062457 0.996010 0.063742
vn 0.066227 0.995903 0.061568
vn 0.067654 0.995857 0.060755
vn 0.065165 0.995904 0.062680
vn 0.068506 0.995879 0.059431
vn 0.543918 0.630995 0.553171
vn 0.065368 0.995835 0.063564
vn 0.580862 0.631584 0.513519
vn 0.616346 0.631691 0.470196
vn 0.064515 0.995905 0.063331
vn 0.067378 0.995907 0.060245
vn 0.065401 0.995866 0.063033
vn 0.066239 0.995892 0.061743
vn 0.066732 0.995969 0.059940
vn 0.066728 0.996024 0.059013
vn 0.065057 0.995765 0.064962
vn 0.065588 0.995953 0.061454
vn 0.066146 0.996039 0.059417
vn 0.065870 0.995765 0.064134
vn 0.758851 0.651249 -0.004361
vn 0.751800 0.656315 -0.063615
vn 0.668944 -0.737518 -0.092630
vn 0.666617 -0.744442 -0.037803
vn 0.758846 0.649208 0.051781
vn 0.665758 -0.745849 0.021797
vn -0.066011 -0.995892 -0.061987
vn 0.656914 -0.750017 0.077068
vn -0.066266 -0.995983 -0.060224
vn -0.066104 -0.995889 -0.061934
vn -0.066009 -0.995946 -0.061108
vn -0.065379 -0.995786 -0.064313
vn -0.067438 -0.995916 -0.060030
vn -0.066872 -0.995865 -0.061493
vn -0.066500 -0.995821 -0.062593
vn -0.065038 -0.995834 -0.063910
vn 0.525621 -0.759726 0.382804
vn -0.067474 -0.995842 -0.061208
vn 0.489824 -0.759958 0.427242
vn -0.066623 -0.995898 -0.061221
vn -0.063885 -0.995863 -0.064625
vn -0.067945 -0.995826 -0.060951
vn -0.066076 -0.995885 -0.062020
vn -0.065313 -0.995892 -0.062716
vn 0.268106 -0.756460 0.596563
vn -0.068446 -0.995764 -0.061388
vn 0.217959 -0.752720 0.621213
vn 0.164972 -0.752019 0.638162
vn -0.066770 -0.995843 -0.061954
vn -0.065749 -0.995888 -0.062319
vn -0.065410 -0.995927 -0.062060
vn 0.055187 -0.744467 0.665375
vn -0.062784 -0.996077 -0.062361
vn -0.000157 -0.744759 0.667333
vn -0.067513 -0.995765 -0.062403
vn -0.070430 -0.995563 -0.062408
vn -0.111584 -0.736932 0.666694
vn -0.064007 -0.996064 -0.061315
vn -0.167264 -0.730608 0.661993
vn -0.221153 -0.726701 0.650382
vn -0.065107 -0.995944 -0.062099
vn -0.274684 -0.722811 0.634108
vn -0.066938 -0.995787 -0.062666
vn -0.062326 -0.996200 -0.060834
vn -0.067247 -0.995743 -0.063042
vn -0.067681 -0.995728 -0.062802
vn -0.064834 -0.996013 -0.061280
vn -0.068421 -0.995588 -0.064217
vn -0.065032 -0.996045 -0.060547
vn -0.063175 -0.996255 -0.059039
vn -0.065612 -0.995923 -0.061911
vn -0.067920 -0.995520 -0.065778
vn -0.066893 -0.995789 -0.062687
vn -0.064644 -0.996166 -0.058944
vn -0.065987 -0.995912 -0.061679
vn -0.065524 -0.996062 -0.059725
vn -0.066169 -0.995730 -0.064375
vn -0.517165 -0.696803 0.496997
vn -0.471719 -0.704453 0.530309
vn -0.381830 0.688148 0.616975
vn -0.429721 -0.707518 0.561033
vn -0.380476 -0.713357 0.588524
vn -0.236264 0.674043 0.699889
vn -0.329857 -0.716980 0.614112
vn -0.074940 0.659878 0.747627
vn -0.057077 -0.737081 0.673390
vn 0.205024 0.641962 0.738817
vn 0.110766 -0.750191 0.651877
vn 0.409510 0.634356 0.655663
vn 0.320368 -0.756437 0.570234
vn 0.458156 0.632037 0.624998
vn 0.364110 -0.759775 0.538670
vn 0.502739 0.630664 0.591199
vn 0.409849 -0.759489 0.505174
vn 0.453081 -0.760285 0.465494
vn 0.650659 0.632388 0.420390
vn 0.679524 0.632401 0.371909
vn 0.558039 -0.759008 0.335409
vn 0.584327 -0.758898 0.287466
vn 0.701294 0.634963 0.324051
vn 0.609203 -0.757207 0.235603
vn 0.722539 0.635354 0.272513
vn 0.632034 -0.752900 0.183505
vn 0.737231 0.639652 0.217568
vn 0.646495 -0.751996 0.128633
vn 0.749002 0.642647 0.161245
vn 0.758840 0.642754 0.105017
vn -0.066377 -0.995887 -0.061674
vn -0.066433 -0.995740 -0.063948
vn -0.066287 -0.995887 -0.061769
vn -0.066696 -0.995823 -0.062355
vn -0.066964 -0.995695 -0.064084
vn 0.650294 -0.732689 -0.200708
vn 0.636184 -0.726268 -0.260395
vn 0.728710 0.663002 -0.171494
vn 0.743528 0.658536 -0.116173
vn 0.660057 -0.736853 -0.146191
vn 0.066179 0.995847 0.062516
vn 0.065675 0.995908 0.062076
vn 0.065081 0.996120 0.059238
vn 0.067012 0.995770 0.062866
vn 0.708821 0.669024 -0.223562
vn 0.687324 0.672760 -0.273823
vn 0.068516 0.995351 0.067696
vn 0.659666 0.678334 -0.323580
vn 0.064026 0.996189 0.059220
vn 0.066107 0.995881 0.062057
vn 0.066443 0.995774 0.063399
vn 0.064279 0.996090 0.060602
vn 0.559169 0.692337 -0.456070
vn 0.517272 0.697843 -0.495423
vn 0.066035 0.995873 0.062257
vn 0.472424 0.702898 -0.531742
vn 0.065093 0.995992 0.061350
vn 0.067754 0.995719 0.062874
vn 0.066991 0.995771 0.062872
vn 0.378418 0.713424 -0.589768
vn 0.327678 0.716103 -0.616298
vn 0.062468 0.996197 0.060743
vn 0.277163 0.724407 -0.631201
vn 0.064540 0.995997 0.061843
vn 0.067950 0.995709 0.062823
vn 0.221716 0.727403 -0.649405
vn 0.066540 0.995828 0.062437
vn 0.166668 0.729871 -0.662956
vn 0.111249 0.735909 -0.667878
vn 0.062943 0.996107 0.061718
vn 0.064872 0.995978 0.061806
vn 0.067525 0.995798 0.061860
vn 0.001013 0.743013 -0.669276
vn -0.055602 0.745506 -0.664176
vn 0.065569 0.995906 0.062221
vn -0.110016 0.749941 -0.652292
vn 0.068009 0.995791 0.061438
vn -0.164234 0.752336 -0.637979
vn 0.069157 0.995729 0.061166
vn 0.065785 0.995895 0.062169
vn 0.064771 0.995927 0.062716
vn -0.269569 0.755984 -0.596507
vn 0.064246 0.995934 0.063144
vn -0.319520 0.757543 -0.569241
vn -0.364764 0.760440 -0.537288
vn 0.065823 0.995888 0.062237
vn -0.411234 0.758601 -0.505382
vn 0.065617 0.995878 0.062619
vn -0.451576 0.760104 -0.467248
vn 0.066928 0.995881 0.061168
vn -0.489345 0.760992 -0.425950
vn 0.065385 0.995839 0.063475
vn 0.065886 0.995905 0.061907
vn -0.524895 0.759753 -0.383745
vn -0.558054 0.758140 -0.337341
vn 0.068916 0.995936 0.057979
vn -0.584681 0.758597 -0.287539
vn 0.065932 0.995808 0.063398
vn -0.609565 0.756724 -0.236218
vn 0.066328 0.995890 0.061669
vn -0.632314 0.752810 -0.182910
vn 0.066290 0.995854 0.062288
vn -0.645581 0.752566 -0.129880
vn 0.065772 0.995792 0.063815
vn 0.066648 0.995954 0.060287
vn -0.657655 0.749374 -0.076997
vn -0.664088 0.747454 -0.017308
vn 0.066514 0.995847 0.062163
vn 0.066188 0.995766 0.063786
vn 0.066138 0.995753 0.064046
vn 0.064987 0.996233 0.057415
vn -0.667747 0.743364 0.039036
vn 0.065915 0.996031 0.059805
vn 0.067373 0.995503 0.066587
vn 0.064567 0.996176 0.058865
vn 0.066809 0.995825 0.062204
vn 0.067225 0.995695 0.063820
vn 0.066265 0.995895 0.061663
vn 0.064787 0.996032 0.061010
vn -0.758286 -0.643704 -0.103190
vn -0.064899 -0.995651 -0.066844
vn -0.750567 -0.640714 -0.161664
vn -0.065236 -0.995761 -0.064835
vn -0.066210 -0.996067 -0.058882
vn -0.065628 -0.995899 -0.062269
vn -0.066180 -0.995928 -0.061211
vn -0.065195 -0.995855 -0.063417
vn -0.067427 -0.995919 -0.060000
vn -0.065710 -0.995942 -0.061494
vn -0.066705 -0.995859 -0.061769
vn -0.068460 -0.995899 -0.059152
vn -0.542955 -0.631341 -0.553723
vn -0.582008 -0.630550 -0.513492
vn -0.617178 -0.631084 -0.469920
vn -0.063464 -0.995932 -0.063960
vn -0.502301 -0.632585 -0.589517
vn -0.066067 -0.995892 -0.061929
vn -0.065844 -0.995927 -0.061593
vn -0.064561 -0.995947 -0.062630
vn -0.067837 -0.995812 -0.061299
vn -0.069244 -0.995735 -0.060968
vn -0.256162 -0.637460 -0.726654
vn -0.065840 -0.995916 -0.061783
vn -0.203611 -0.642316 -0.738900
vn -0.062984 -0.996066 -0.062340
vn -0.067914 -0.995789 -0.061578
vn -0.089686 -0.649414 -0.755128
vn -0.067494 -0.995837 -0.061259
vn -0.065643 -0.995942 -0.061571
vn 0.016621 -0.656330 -0.754291
vn -0.068704 -0.995705 -0.062066
vn 0.076217 -0.658860 -0.748395
vn 0.129666 -0.666318 -0.734307
vn -0.065470 -0.995969 -0.061318
vn 0.184133 -0.666654 -0.722265
vn -0.062353 -0.996219 -0.060503
vn -0.065056 -0.995996 -0.061316
vn 0.236093 -0.673661 -0.700315
vn -0.067575 -0.995759 -0.062425
vn -0.065798 -0.995946 -0.061334
vn -0.064962 -0.996022 -0.061000
vn -0.068190 -0.995627 -0.063852
vn 0.427740 -0.691685 -0.581903
vn 0.466330 -0.699587 -0.541400
vn -0.066420 -0.995857 -0.062101
vn -0.065255 -0.995997 -0.061083
vn -0.064713 -0.996113 -0.059752
vn 0.537423 -0.707907 -0.458305
vn -0.066950 -0.995733 -0.063516
vn 0.569278 -0.713117 -0.409129
vn -0.066822 -0.995810 -0.062420
vn -0.064675 -0.996159 -0.059020
vn 0.595203 -0.718429 -0.359990
vn 0.616602 -0.722633 -0.312414
vn 0.630082 0.682691 -0.370041
vn 0.595302 0.687727 -0.415508
vn 0.502638 -0.703175 -0.502891
vn 0.379958 -0.689944 -0.616124
vn 0.429677 0.706806 -0.561964
vn 0.334048 -0.684289 -0.648198
vn 0.288102 -0.677507 -0.676743
vn 0.055905 0.737973 -0.672511
vn -0.035940 -0.651761 -0.757572
vn -0.149096 -0.643774 -0.750550
vn -0.217063 0.754684 -0.619141
vn -0.309429 -0.637048 -0.705991
vn -0.362189 -0.634152 -0.683133
vn -0.410587 -0.633435 -0.655880
vn -0.459654 -0.631052 -0.624893
vn -0.650746 -0.632650 -0.419861
vn -0.677990 -0.632920 -0.373820
vn -0.700648 -0.635094 -0.325188
vn -0.722297 -0.636356 -0.270810
vn -0.736925 -0.640325 -0.216620
# 322 normals

usemtl Mat_0
f 323/491/323 324/492/324 325/493/325
f 325/493/325 326/494/326 323/491/323
f 327/495/327 323/496/323 326/497/326
f 328/498/328 327/495/327 326/497/326
f 326/497/326 329/499/329 328/498/328
f 330/500/330 328/498/328 329/499/329
f 329/499/329 331/501/331 330/500/330
f 332/502/332 330/500/330 331/501/331
f 331/501/331 333/503/333 332/502/332
f 334/504/334 332/502/332 333/503/333
f 333/503/333 335/505/335 334/504/334
f 336/506/336 334/504/334 335/505/335
f 335/505/335 337/507/337 336/506/336
f 338/508/338 336/506/336 337/507/337
f 337/507/337 339/509/339 338/508/338
f 340/510/340 338/508/338 339/509/339
f 339/509/339 341/511/341 340/510/340
f 342/512/342 340/510/340 341/511/341
f 341/511/341 343/513/343 342/512/342
f 344/514/344 342/512/342 343/513/343
f 343/513/343 345/515/345 344/514/344
f 345/516/345 346/517/346 344/518/344
f 347/519/347 344/520/344 346/521/346
f 348/522/348 347/519/347 346/521/346
f 348/522/348 346/521/346 349/523/349
f 348/522/348 349/523/349 350/524/350
f 351/525/351 350/524/350 349/523/349
f 351/525/351 349/523/349 352/526/352
f 351/525/351 352/526/352 353/527/353
f 351/525/351 353/527/353 354/528/354
f 354/528/354 353/527/353 355/529/355
f 355/529/355 350/524/350 354/528/354
f 356/530/356 350/524/350 355/529/355
f 355/529/355 357/531/357 356/530/356
f 356/530/356 357/531/357 358/532/358
f 359/533/359 356/530/356 358/532/358
f 359/533/359 358/532/358 360/534/360
f 359/533/359 360/534/360 350/524/350
f 361/535/361 350/524/350 360/534/360
f 361/535/361 360/534/360 362/536/362
f 361/535/361 362/536/362 363/537/363
f 363/537/363 362/536/362 364/538/364
f 363/537/363 364/538/364 365/539/365
f 366/540/366 363/537/363 365/539/365
f 366/540/366 365/539/365 367/541/367
f 368/542/368 366/540/366 367/541/367
f 368/542/368 367/541/367 369/543/369
f 368/542/368 369/543/369 350/524/350
f 370/544/370 350/524/350 369/543/369
f 370/544/370 369/543/369 371/545/371
f 370/544/370 371/545/371 372/546/372
f 372/546/372 371/545/371 373/547/373
f 372/546/372 373/547/373 374/548/374
f 374/548/374 375/549/375 372/546/372
f 350/524/350 372/546/372 375/549/375
f 350/524/350 375/549/375 376/550/376
f 376/550/376 377/551/377 350/524/350
f 350/524/350 377/551/377 378/552/378
f 379/553/379 350/524/350 378/552/378
f 379/553/379 378/552/378 380/554/380
f 379/553/379 380/554/380 381/555/381
f 381/555/381 380/554/380 382/556/382
f 381/555/381 382/556/382 383/557/383
f 383/557/383 384/558/384 381/555/381
f 350/524/350 381/555/381 384/558/384
f 350/524/350 384/558/384 385/559/385
f 350/524/350 385/559/385 386/560/386
f 350/524/350 386/560/386 387/561/387
f 350/524/350 387/561/387 388/562/388
f 350/524/350 388/562/388 389/563/389
f 350/524/350 389/563/389 390/564/390
f 350/524/350 390/564/390 391/565/391
f 350/524/350 391/565/391 392/566/392
f 393/567/393 350/524/350 392/566/392
f 393/567/393 392/566/392 394/568/394
f 395/569/395 393/567/393 394/568/394
f 396/570/396 395/571/395 394/572/394
f 394/572/394 397/573/397 396/570/396
f 397/573/397 394/572/394 398/574/398
f 398/574/398 399/575/399 397/573/397
f 400/576/400 397/577/397 399/578/399
f 400/576/400 399/578/399 401/579/401
f 401/579/401 402/580/402 400/576/400
f 403/581/403 400/576/400 402/580/402
f 403/581/403 402/580/402 404/582/404
f 403/581/403 404/582/404 405/583/405
f 405/583/405 406/584/406 403/581/403
f 403/581/403 406/584/406 407/585/407
f 403/581/403 407/585/407 408/586/408
f 409/587/409 403/581/403 408/586/408
f 409/587/409 408/586/408 410/588/410
f 409/587/409 410/588/410 411/589/411
f 411/589/411 410/588/410 412/590/412
f 412/590/412 413/591/413 411/589/411
f 411/589/411 413/591/413 403/581/403
f 413/591/413 414/592/414 403/581/403
f 414/592/414 415/593/415 403/581/403
f 415/593/415 416/594/416 403/581/403
f 417/595/417 403/581/403 416/594/416
f 417/595/417 416/594/416 418/596/418
f 417/595/417 418/596/418 419/597/419
f 419/597/419 418/596/418 420/598/420
f 419/597/419 420/598/420 421/599/421
f 421/599/421 422/600/422 419/597/419
f 403/581/403 419/597/419 422/600/422
f 403/581/403 422/600/422 423/601/423
f 424/602/424 403/581/403 423/601/423
f 424/602/424 423/601/423 425/603/425
f 424/602/424 425/603/425 426/604/426
f 426/604/426 425/603/425 427/605/427
f 426/604/426 427/605/427 428/606/428
f 426/604/426 428/606/428 403/581/403
f 429/607/429 403/581/403 428/606/428
f 429/607/429 428/606/428 430/608/430
f 429/607/429 430/608/430 431/609/431
f 431/609/431 430/608/430 432/610/432
f 431/609/431 432/610/432 433/611/433
f 434/612/434 431/609/431 433/611/433
f 434/612/434 433/611/433 435/613/435
f 436/614/436 434/612/434 435/613/435
f 436/614/436 435/613/435 437/615/437
f 436/614/436 437/615/437 403/581/403
f 437/615/437 438/616/438 403/581/403
f 438/616/438 439/617/439 403/581/403
f 439/617/439 440/618/440 403/581/403
f 440/618/440 441/619/441 403/581/403
f 441/619/441 442/620/442 403/581/403
f 443/621/443 403/581/403 442/620/442
f 443/621/443 442/620/442 343/622/343
f 443/621/443 343/622/343 444/623/444
f 443/621/443 444/623/444 403/581/403
f 444/623/444 445/624/445 403/581/403
f 445/624/445 446/625/446 403/581/403
f 447/626/447 403/581/403 446/625/446
f 447/626/447 446/625/446 335/627/335
f 447/626/447 335/627/335 448/628/448
f 447/626/447 448/628/448 403/581/403
f 449/629/449 403/581/403 448/628/448
f 449/629/449 448/628/448 331/630/331
f 450/631/450 449/629/449 331/630/331
f 449/629/449 450/631/450 403/581/403
f 450/631/450 325/493/325 403/581/403
f 325/493/325 450/631/450 329/632/329
f 445/624/445 339/633/339 446/625/446
f 444/623/444 341/634/341 445/624/445
f 441/619/441 451/635/451 442/620/442
f 442/620/442 451/635/451 345/636/345
f 441/619/441 452/637/452 451/635/451
f 451/638/451 452/639/452 453/640/453
f 453/640/453 346/517/346 451/638/451
f 352/641/352 453/640/453 452/639/452
f 452/639/452 454/642/454 352/641/352
f 440/618/440 454/643/454 452/637/452
f 440/618/440 452/637/452 441/619/441
f 439/617/439 454/643/454 440/618/440
f 439/617/439 455/644/455 454/643/454
f 353/645/353 454/642/454 455/646/455
f 455/646/455 456/647/456 353/645/353
f 456/647/456 455/646/455 457/648/457
f 457/648/457 357/649/357 456/647/456
f 357/649/357 457/648/457 435/650/435
f 438/616/438 457/651/457 455/644/455
f 439/617/439 438/616/438 455/644/455
f 437/615/437 457/651/457 438/616/438
f 437/615/437 435/613/435 457/651/457
f 436/614/436 403/581/403 434/612/434
f 435/650/435 433/652/433 358/653/358
f 458/654/458 358/653/358 433/652/433
f 434/612/434 403/581/403 431/609/431
f 433/652/433 432/655/432 458/654/458
f 362/656/362 458/654/458 432/655/432
f 432/655/432 430/657/430 362/656/362
f 428/606/428 459/658/459 430/608/430
f 430/657/430 459/659/459 364/660/364
f 429/607/429 431/609/431 403/581/403
f 428/606/428 427/605/427 459/658/459
f 459/659/459 427/661/427 365/662/365
f 427/661/427 425/663/425 367/664/367
f 425/663/425 460/665/460 367/664/367
f 460/665/460 425/663/425 461/666/461
f 461/666/461 371/667/371 460/665/460
f 371/667/371 461/666/461 421/668/421
f 423/601/423 421/599/421 461/669/461
f 423/601/423 461/669/461 425/603/425
f 424/602/424 426/604/426 403/581/403
f 421/599/421 423/601/423 422/600/422
f 373/670/373 421/668/421 420/671/420
f 421/668/421 373/670/373 371/667/371
f 420/671/420 374/672/374 373/670/373
f 374/672/374 420/671/420 418/673/418
f 418/673/418 462/674/462 374/672/374
f 462/674/462 418/673/418 463/675/463
f 376/550/376 374/548/374 462/676/462
f 464/677/464 462/674/462 463/675/463
f 463/675/463 465/678/465 464/677/464
f 466/679/466 464/677/464 465/678/465
f 465/678/465 467/680/467 466/679/466
f 467/680/467 380/681/380 466/679/466
f 380/681/380 467/680/467 468/682/468
f 414/592/414 468/683/468 467/684/467
f 415/593/415 467/684/467 465/685/465
f 377/551/377 464/686/464 466/687/466
f 416/594/416 465/685/465 463/688/463
f 377/551/377 462/676/462 464/686/464
f 416/594/416 463/688/463 418/596/418
f 417/595/417 419/597/419 403/581/403
f 415/593/415 465/685/465 416/594/416
f 414/592/414 467/684/467 415/593/415
f 413/591/413 468/683/468 414/592/414
f 413/591/413 412/590/412 468/683/468
f 468/689/468 412/690/412 382/691/382
f 383/692/383 412/690/412 410/693/410
f 412/690/412 383/692/383 382/691/382
f 410/693/410 469/694/469 383/692/383
f 385/559/385 383/557/383 469/695/469
f 385/559/385 469/695/469 470/696/470
f 470/697/470 469/694/469 471/698/471
f 471/698/471 472/699/472 470/697/470
f 473/700/473 470/697/470 472/699/472
f 472/699/472 474/701/474 473/700/473
f 475/702/475 473/700/473 474/701/474
f 474/701/474 476/703/476 475/702/475
f 477/704/477 475/702/475 476/703/476
f 476/703/476 478/705/478 477/704/477
f 479/706/479 477/704/477 478/705/478
f 478/705/478 401/707/401 479/706/479
f 401/707/401 480/708/480 479/706/479
f 391/565/391 479/709/479 480/710/480
f 404/582/404 401/579/401 478/711/478
f 389/563/389 477/712/477 479/709/479
f 405/583/405 478/711/478 476/713/476
f 389/563/389 475/714/475 477/712/477
f 406/584/406 476/713/476 474/715/474
f 387/561/387 473/716/473 475/714/475
f 406/584/406 474/715/474 472/717/472
f 387/561/387 470/696/470 473/716/473
f 408/586/408 472/717/472 471/718/471
f 469/694/469 410/693/410 471/698/471
f 408/586/408 471/718/471 410/588/410
f 409/587/409 411/589/411 403/581/403
f 472/717/472 408/586/408 407/585/407
f 472/717/472 407/585/407 406/584/406
f 405/583/405 476/713/476 406/584/406
f 478/711/478 405/583/405 404/582/404
f 481/719/481 400/576/400 403/581/403
f 481/719/481 403/581/403 482/720/482
f 481/719/481 482/720/482 397/577/397
f 483/721/483 482/720/482 403/581/403
f 484/722/484 483/721/483 403/581/403
f 484/722/484 403/581/403 485/723/485
f 484/722/484 485/723/485 486/724/486
f 485/723/485 487/725/487 486/724/486
f 486/726/486 487/727/487 488/728/488
f 488/728/488 489/729/489 486/726/486
f 489/729/489 490/730/490 486/726/486
f 483/721/483 486/724/486 490/731/490
f 490/730/490 489/729/489 395/571/395
f 491/732/491 395/569/395 489/733/489
f 492/734/492 395/569/395 491/732/491
f 492/734/492 491/732/491 350/524/350
f 493/735/493 350/524/350 491/732/491
f 493/735/493 491/732/491 488/736/488
f 493/735/493 488/736/488 494/737/494
f 494/737/494 488/736/488 495/738/495
f 494/737/494 495/738/495 496/739/496
f 497/740/497 494/737/494 496/739/496
f 497/740/497 496/739/496 498/741/498
f 499/742/499 497/740/497 498/741/498
f 499/742/499 498/741/498 500/743/500
f 499/742/499 500/743/500 350/524/350
f 500/743/500 501/744/501 350/524/350
f 502/745/502 350/524/350 501/744/501
f 502/745/502 501/744/501 503/746/503
f 502/745/502 503/746/503 504/747/504
f 502/745/502 504/747/504 505/748/505
f 505/748/505 504/747/504 506/749/506
f 507/750/507 505/748/505 506/749/506
f 507/750/507 506/749/506 508/751/508
f 507/750/507 508/751/508 350/524/350
f 509/752/509 350/524/350 508/751/508
f 508/751/508 510/753/510 509/752/509
f 509/752/509 510/753/510 511/754/511
f 512/755/512 509/752/509 511/754/511
f 512/755/512 511/754/511 513/756/513
f 512/755/512 513/756/513 514/757/514
f 514/757/514 350/524/350 512/755/512
f 515/758/515 350/524/350 514/757/514
f 515/758/515 514/757/514 516/759/516
f 515/758/515 516/759/516 517/760/517
f 517/760/517 516/759/516 518/761/518
f 517/760/517 518/761/518 519/762/519
f 520/763/520 517/760/517 519/762/519
f 520/763/520 519/762/519 521/764/521
f 520/763/520 521/764/521 350/524/350
f 522/765/522 350/524/350 521/764/521
f 522/765/522 521/764/521 523/766/523
f 522/765/522 523/766/523 524/767/524
f 525/768/525 522/765/522 524/767/524
f 525/768/525 524/767/524 526/769/526
f 525/768/525 527/770/527 350/524/350
f 527/770/527 525/768/525 526/769/526
f 527/770/527 526/769/526 528/771/528
f 528/771/528 529/772/529 527/770/527
f 350/524/350 527/770/527 529/772/529
f 350/524/350 529/772/529 530/773/530
f 531/774/531 350/524/350 530/773/530
f 531/774/531 530/773/530 532/775/532
f 532/775/532 533/776/533 531/774/531
f 533/776/533 532/775/532 534/777/534
f 533/776/533 534/777/534 535/778/535
f 536/779/536 533/776/533 535/778/535
f 536/779/536 535/778/535 537/780/537
f 538/781/538 536/779/536 537/780/537
f 538/781/538 537/780/537 539/782/539
f 540/783/540 538/781/538 539/782/539
f 540/783/540 539/782/539 541/784/541
f 541/784/541 542/785/542 540/783/540
f 350/524/350 540/783/540 542/785/542
f 543/786/543 350/524/350 542/785/542
f 543/786/543 542/785/542 544/787/544
f 543/786/543 544/787/544 545/788/545
f 546/789/546 543/786/543 545/788/545
f 546/789/546 545/788/545 547/790/547
f 548/791/548 546/789/546 547/790/547
f 548/791/548 547/790/547 549/792/549
f 550/793/550 548/791/548 549/792/549
f 550/793/550 549/792/549 551/794/551
f 552/795/552 550/793/550 551/794/551
f 552/795/552 551/794/551 553/796/553
f 553/796/553 554/797/554 552/795/552
f 350/524/350 552/795/552 554/797/554
f 555/798/555 350/524/350 554/797/554
f 555/798/555 554/797/554 556/799/556
f 555/798/555 556/799/556 557/800/557
f 557/800/557 558/801/558 555/798/555
f 558/801/558 557/800/557 559/802/559
f 350/524/350 558/801/558 559/802/559
f 560/803/560 350/524/350 559/802/559
f 560/803/560 559/802/559 327/804/327
f 560/803/560 327/804/327 561/805/561
f 562/806/562 327/804/327 559/802/559
f 560/803/560 561/805/561 350/524/350
f 563/807/563 350/524/350 561/805/561
f 563/807/563 561/805/561 330/808/330
f 563/807/563 330/808/330 564/809/564
f 563/807/563 564/809/564 350/524/350
f 565/810/565 350/524/350 564/809/564
f 565/810/565 564/809/564 334/811/334
f 566/812/566 350/524/350 565/810/565
f 566/812/566 565/810/565 336/813/336
f 567/814/567 350/524/350 566/812/566
f 567/814/567 566/812/566 338/815/338
f 568/816/568 350/524/350 567/814/567
f 568/816/568 567/814/567 340/817/340
f 568/816/568 340/817/340 569/818/569
f 568/816/568 569/818/569 350/524/350
f 347/519/347 350/524/350 569/818/569
f 559/802/559 557/800/557 562/806/562
f 562/819/562 557/820/557 570/821/570
f 570/821/570 323/496/323 562/819/562
f 571/822/571 323/491/323 570/823/570
f 571/822/571 570/823/570 572/824/572
f 573/825/573 571/822/571 572/824/572
f 572/824/572 574/826/574 573/825/573
f 573/825/573 574/826/574 403/581/403
f 574/826/574 575/827/575 403/581/403
f 403/581/403 575/827/575 576/828/576
f 403/581/403 576/828/576 577/829/577
f 577/829/577 578/830/578 403/581/403
f 403/581/403 578/830/578 579/831/579
f 403/581/403 579/831/579 580/832/580
f 581/833/581 403/581/403 580/832/580
f 582/834/582 581/833/581 580/832/580
f 580/832/580 583/835/583 582/834/582
f 582/836/582 541/837/541 539/838/539
f 541/837/541 582/836/582 583/839/583
f 583/839/583 544/840/544 541/837/541
f 544/840/544 583/839/583 584/841/584
f 580/832/580 584/842/584 583/835/583
f 581/833/581 582/834/582 585/843/585
f 585/843/585 582/834/582 586/844/586
f 586/844/586 587/845/587 585/843/585
f 403/581/403 585/843/585 587/845/587
f 587/845/587 588/846/588 403/581/403
f 403/581/403 588/846/588 589/847/589
f 403/581/403 589/847/589 590/848/590
f 591/849/591 403/581/403 590/848/590
f 591/849/591 590/848/590 592/850/592
f 591/849/591 592/850/592 593/851/593
f 593/851/593 592/850/592 594/852/594
f 593/851/593 594/852/594 595/853/595
f 593/851/593 595/853/595 403/581/403
f 403/581/403 595/853/595 596/854/596
f 596/854/596 597/855/597 598/856/598
f 598/856/598 403/581/403 596/854/596
f 599/857/599 403/581/403 598/856/598
f 599/857/599 598/856/598 600/858/600
f 601/859/601 599/857/599 600/858/600
f 600/858/600 602/860/602 601/859/601
f 601/859/601 602/860/602 603/861/603
f 604/862/604 601/859/601 603/861/603
f 604/862/604 603/861/603 605/863/605
f 606/864/606 604/862/604 605/863/605
f 607/865/607 606/864/606 605/863/605
f 607/865/607 605/863/605 608/866/608
f 607/865/607 608/866/608 609/867/609
f 607/865/607 609/867/609 403/581/403
f 609/867/609 610/868/610 403/581/403
f 610/868/610 611/869/611 403/581/403
f 612/870/612 403/581/403 611/869/611
f 612/870/612 611/869/611 613/871/613
f 612/870/612 613/871/613 614/872/614
f 615/873/615 612/870/612 614/872/614
f 615/873/615 614/872/614 616/874/616
f 615/873/615 616/874/616 403/581/403
f 617/875/617 403/581/403 616/874/616
f 617/875/617 616/874/616 618/876/618
f 617/875/617 618/876/618 619/877/619
f 619/877/619 618/876/618 620/878/620
f 619/877/619 620/878/620 621/879/621
f 619/877/619 621/879/621 403/581/403
f 621/879/621 622/880/622 403/581/403
f 621/879/621 623/881/623 622/880/622
f 622/880/622 623/881/623 624/882/624
f 622/880/622 624/882/624 487/725/487
f 487/727/487 624/883/624 495/884/495
f 496/885/496 624/883/624 623/886/623
f 621/879/621 620/878/620 623/881/623
f 498/887/498 623/886/623 620/888/620
f 623/886/623 498/887/498 496/885/496
f 620/888/620 625/889/625 498/887/498
f 625/889/625 620/888/620 618/890/618
f 626/891/626 618/890/618 627/892/627
f 618/890/618 626/891/626 625/889/625
f 626/893/626 501/744/501 625/894/625
f 627/892/627 503/895/503 626/891/626
f 503/895/503 627/892/627 614/896/614
f 616/874/616 627/897/627 618/876/618
f 617/875/617 619/877/619 403/581/403
f 616/874/616 614/872/614 627/897/627
f 614/898/614 613/899/613 504/900/504
f 611/869/611 628/901/628 613/871/613
f 613/899/613 628/902/628 506/903/506
f 506/903/506 628/902/628 629/904/629
f 630/905/630 629/904/629 628/902/628
f 629/904/629 630/905/630 510/906/510
f 631/907/631 510/906/510 630/905/630
f 610/868/610 631/908/631 630/909/630
f 611/869/611 630/909/630 628/901/628
f 615/873/615 403/581/403 612/870/612
f 610/868/610 630/909/630 611/869/611
f 609/867/609 631/908/631 610/868/610
f 609/867/609 608/866/608 631/908/631
f 608/910/608 511/911/511 631/907/631
f 605/912/605 513/913/513 608/910/608
f 513/913/513 605/912/605 516/914/516
f 606/864/606 607/865/607 403/581/403
f 604/862/604 606/864/606 403/581/403
f 603/915/603 516/914/516 605/912/605
f 604/862/604 403/581/403 601/859/601
f 603/915/603 602/916/602 518/917/518
f 518/917/518 602/916/602 519/918/519
f 600/919/600 519/918/519 602/916/602
f 632/920/632 519/918/519 600/919/600
f 600/919/600 633/921/633 632/920/632
f 523/922/523 632/920/632 633/921/633
f 633/921/633 597/923/597 523/922/523
f 598/856/598 597/855/597 633/924/633
f 598/856/598 633/924/633 600/858/600
f 599/857/599 601/859/601 403/581/403
f 596/854/596 634/925/634 597/855/597
f 597/923/597 634/926/634 524/927/524
f 634/925/634 596/854/596 595/853/595
f 595/853/595 594/852/594 634/925/634
f 634/926/634 594/928/594 526/929/526
f 594/928/594 592/930/592 528/931/528
f 635/932/635 528/931/528 592/930/592
f 592/930/592 636/933/636 635/932/635
f 635/932/635 636/933/636 532/934/532
f 637/935/637 532/934/532 636/933/636
f 590/848/590 637/936/637 636/937/636
f 590/848/590 636/937/636 592/850/592
f 591/849/591 593/851/593 403/581/403
f 637/936/637 590/848/590 589/847/589
f 637/936/637 589/847/589 588/846/588
f 588/846/588 638/938/638 637/936/637
f 638/939/638 534/940/534 637/935/637
f 588/846/588 639/941/639 638/938/638
f 638/939/638 639/942/639 535/943/535
f 587/845/587 639/941/639 588/846/588
f 587/845/587 586/844/586 639/941/639
f 639/942/639 586/944/586 537/945/537
f 586/944/586 582/946/582 539/947/539
f 581/833/581 585/843/585 403/581/403
f 584/842/584 580/832/580 579/831/579
f 579/831/579 640/948/640 584/842/584
f 545/949/545 584/841/584 640/950/640
f 640/948/640 579/831/579 578/830/578
f 578/830/578 641/951/641 640/948/640
f 640/950/640 641/952/641 547/953/547
f 577/829/577 641/951/641 578/830/578
f 577/829/577 642/954/642 641/951/641
f 641/952/641 549/955/549 547/953/547
f 549/955/549 641/952/641 642/956/642
f 642/954/642 577/829/577 576/828/576
f 576/828/576 643/957/643 642/954/642
f 642/956/642 643/958/643 551/959/551
f 643/957/643 576/828/576 575/827/575
f 575/827/575 644/960/644 643/957/643
f 643/958/643 644/961/644 553/962/553
f 556/963/556 553/962/553 644/961/644
f 644/961/644 572/964/572 556/963/556
f 574/826/574 644/960/644 575/827/575
f 574/826/574 572/824/572 644/960/644
f 573/825/573 403/581/403 571/822/571
f 403/581/403 324/492/324 571/822/571
f 572/964/572 570/821/570 557/820/557
f 557/820/557 556/963/556 572/964/572
f 350/524/350 555/798/555 558/801/558
f 554/797/554 553/796/553 556/799/556
f 553/962/553 551/959/551 643/958/643
f 350/524/350 550/793/550 552/795/552
f 551/959/551 549/955/549 642/956/642
f 350/524/350 548/791/548 550/793/550
f 350/524/350 546/789/546 548/791/548
f 547/953/547 545/949/545 640/950/640
f 584/841/584 545/949/545 544/840/544
f 350/524/350 543/786/543 546/789/546
f 542/785/542 541/784/541 544/787/544
f 540/783/540 350/524/350 538/781/538
f 539/947/539 537/945/537 586/944/586
f 538/781/538 350/524/350 536/779/536
f 537/945/537 535/943/535 639/942/639
f 536/779/536 350/524/350 533/776/533
f 535/943/535 534/940/534 638/939/638
f 532/934/532 637/935/637 534/940/534
f 530/773/530 635/965/635 532/775/532
f 531/774/531 533/776/533 350/524/350
f 530/773/530 529/772/529 635/965/635
f 529/772/529 528/771/528 635/965/635
f 528/931/528 526/929/526 594/928/594
f 526/929/526 524/927/524 634/926/634
f 524/927/524 523/922/523 597/923/597
f 521/764/521 632/966/632 523/766/523
f 525/768/525 350/524/350 522/765/522
f 521/764/521 519/762/519 632/966/632
f 520/763/520 350/524/350 517/760/517
f 518/917/518 516/914/516 603/915/603
f 515/758/515 517/760/517 350/524/350
f 514/757/514 513/756/513 516/759/516
f 511/911/511 608/910/608 513/913/513
f 510/906/510 631/907/631 511/911/511
f 508/751/508 629/967/629 510/753/510
f 512/755/512 350/524/350 509/752/509
f 508/751/508 506/749/506 629/967/629
f 507/750/507 350/524/350 505/748/505
f 506/903/506 504/900/504 613/899/613
f 504/900/504 503/968/503 614/898/614
f 501/744/501 626/893/626 503/746/503
f 505/748/505 350/524/350 502/745/502
f 500/743/500 625/894/625 501/744/501
f 500/743/500 498/741/498 625/894/625
f 499/742/499 350/524/350 497/740/497
f 497/740/497 350/524/350 494/737/494
f 624/883/624 496/885/496 495/884/495
f 493/735/493 494/737/494 350/524/350
f 491/732/491 489/733/489 488/736/488
f 495/884/495 488/728/488 487/727/487
f 485/723/485 622/880/622 487/725/487
f 485/723/485 403/581/403 622/880/622
f 484/722/484 486/724/486 483/721/483
f 482/720/482 483/721/483 490/731/490
f 490/731/490 396/969/396 482/720/482
f 401/579/401 404/582/404 402/580/402
f 480/708/480 401/707/401 399/575/399
f 481/719/481 397/577/397 400/576/400
f 399/575/399 398/574/398 480/708/480
f 392/566/392 480/710/480 398/970/398
f 482/720/482 396/969/396 397/577/397
f 395/571/395 396/570/396 490/730/490
f 393/567/393 395/569/395 492/734/492
f 398/970/398 394/568/394 392/566/392
f 492/734/492 350/524/350 393/567/393
f 480/710/480 392/566/392 391/565/391
f 479/709/479 391/565/391 390/564/390
f 479/709/479 390/564/390 389/563/389
f 475/714/475 389/563/389 388/562/388
f 475/714/475 388/562/388 387/561/387
f 386/560/386 470/696/470 387/561/387
f 386/560/386 385/559/385 470/696/470
f 383/557/383 385/559/385 384/558/384
f 382/691/382 380/971/380 468/689/468
f 378/552/378 466/687/466 380/554/380
f 379/553/379 381/555/381 350/524/350
f 466/687/466 378/552/378 377/551/377
f 376/550/376 462/676/462 377/551/377
f 374/548/374 376/550/376 375/549/375
f 369/543/369 460/972/460 371/545/371
f 350/524/350 370/544/370 372/546/372
f 369/543/369 367/541/367 460/972/460
f 368/542/368 350/524/350 366/540/366
f 367/664/367 365/662/365 427/661/427
f 366/540/366 350/524/350 363/537/363
f 365/662/365 364/660/364 459/659/459
f 364/660/364 362/656/362 430/657/430
f 360/534/360 458/973/458 362/536/362
f 361/535/361 363/537/363 350/524/350
f 360/534/360 358/532/358 458/973/458
f 358/653/358 357/649/357 435/650/435
f 355/529/355 456/974/456 357/531/357
f 359/533/359 350/524/350 356/530/356
f 355/529/355 353/527/353 456/974/456
f 454/642/454 353/645/353 352/641/352
f 349/523/349 453/975/453 352/526/352
f 354/528/354 350/524/350 351/525/351
f 453/975/453 349/523/349 346/521/346
f 348/522/348 350/524/350 347/519/347
f 347/519/347 569/818/569 344/520/344
f 346/517/346 345/516/345 451/638/451
f 442/620/442 345/636/345 343/622/343
f 569/818/569 342/976/342 344/520/344
f 444/623/444 343/622/343 341/634/341
f 569/818/569 340/817/340 342/976/342
f 445/624/445 341/634/341 339/633/339
f 567/814/567 338/815/338 340/817/340
f 446/625/446 339/633/339 337/977/337
f 566/812/566 336/813/336 338/815/338
f 446/625/446 337/977/337 335/627/335
f 565/810/565 334/811/334 336/813/336
f 448/628/448 335/627/335 333/978/333
f 564/809/564 332/979/332 334/811/334
f 448/628/448 333/978/333 331/630/331
f 332/979/332 564/809/564 330/808/330
f 331/630/331 329/632/329 450/631/450
f 561/805/561 328/980/328 330/808/330
f 561/805/561 327/804/327 328/980/328
f 323/496/323 327/495/327 562/819/562
f 329/632/329 326/494/326 325/493/325
f 324/492/324 403/581/403 325/493/325
f 324/492/324 323/491/323 571/822/571

# 1280 faces
